O*NET-SOC Code,Title,dv_rating_alpha,dv_rating_beta,dv_rating_gamma,human_rating_alpha,human_rating_beta,human_rating_gamma,Job Zone,Active_Learning_Importance,Active_Learning_Level,Critical_Thinking_Importance,Critical_Thinking_Level,Learning_Strategies_Importance,Learning_Strategies_Level,Monitoring_Importance,Monitoring_Level,Active_Listening_Importance,Active_Listening_Level,Mathematics_Importance,Mathematics_Level,Programming_Importance,Programming_Level,Reading_Comprehension_Importance,Reading_Comprehension_Level,Science_Importance,Science_Level,Speaking_Importance,Speaking_Level,Writing_Importance,Writing_Level,degree_of_automation_context,importance_of_being_exact_or_accurate_context,importance_of_repeating_same_tasks_context,structured_versus_unstructured_work_context
11-1011.00,Chief Executives,0.1,0.46,0.8200000000000001,0.18,0.35,0.52,5,75,68,85,68,53,55,78,79,78,70,56,52.0,16,9.0,78,68,22,16.0,85,70,75,63,0.42,0.79,0.56,1.0
11-1011.03,Chief Sustainability Officers,0.1666666666666666,0.5555555555555556,0.9444444444444444,0.0555555555555555,0.3888888888888888,0.7222222222222222,5,69,55,78,59,60,54,69,57,75,57,47,45.0,22,16.0,75,61,28,27.0,75,59,78,61,0.14,0.63,0.2,0.86
11-1021.00,General and Operations Managers,0.0,0.4807692307692308,0.9615384615384616,0.1153846153846153,0.3846153846153846,0.6538461538461539,4,63,52,72,57,50,46,75,57,75,57,35,36.0,13,9.0,72,57,22,16.0,75,57,56,55,0.32,0.75,0.65,0.95
11-2011.00,Advertising and Promotions Managers,0.0,0.4767441860465116,0.9534883720930232,0.2558139534883721,0.5465116279069767,0.8372093023255813,4,56,59,75,59,50,46,56,61,78,59,50,46.0,19,11.0,69,57,16,9.0,75,59,69,55,0.25,0.83,0.43,0.81
11-2021.00,Marketing Managers,0.0625,0.5,0.9375,0.21875,0.578125,0.9375,4,72,59,72,61,53,50,69,61,72,59,44,45.0,22,18.0,72,61,19,21.0,72,59,56,55,0.28,0.7,0.45,0.91
11-2022.00,Sales Managers,0.0,0.45,0.9,0.1,0.4833333333333333,0.8666666666666667,4,69,55,72,57,56,54,69,68,75,57,50,46.0,16,13.0,72,57,16,9.0,75,59,66,57,0.32,0.68,0.4,0.77
11-3012.00,Administrative Services Managers,0.0869565217391304,0.3913043478260869,0.6956521739130435,0.2608695652173913,0.5,0.7391304347826086,3,53,48,69,55,50,46,60,52,75,57,31,30.0,10,9.0,75,57,0,0.0,72,55,69,54,0.29,0.79,0.59,0.76
11-3021.00,Computer and Information Systems Managers,0.1212121212121212,0.5303030303030303,0.9393939393939394,0.303030303030303,0.5606060606060607,0.8181818181818182,4,60,55,78,57,56,50,72,63,75,57,53,45.0,44,37.0,75,57,19,20.0,72,55,69,57,0.39,0.76,0.72,0.94
11-3031.00,Financial Managers,0.0,0.4814814814814814,0.9629629629629628,0.037037037037037,0.4259259259259259,0.8148148148148148,4,69,57,75,57,63,57,75,64,75,57,56,48.0,10,5.0,75,57,10,5.0,75,57,72,57,0.39,0.92,0.68,0.8
11-3031.01,Treasurers and Controllers,0.0,0.4736842105263157,0.9473684210526316,0.1578947368421052,0.4078947368421052,0.6578947368421052,4,66,61,78,68,50,48,72,64,72,61,69,61.0,16,14.0,78,61,6,0.0,75,61,66,59,0.4,0.91,0.67,0.84
11-3031.03,Investment Fund Managers,0.0,0.5,1.0,0.1714285714285714,0.5285714285714286,0.8857142857142857,5,69,55,75,57,47,45,63,57,75,59,60,52.0,19,,75,61,0,0.0,72,59,66,55,0.37,0.81,0.42,0.88
11-3051.00,Industrial Production Managers,0.0606060606060606,0.4848484848484848,0.9090909090909092,0.1515151515151515,0.3484848484848485,0.5454545454545454,4,66,57,75,57,69,57,75,70,72,57,60,54.0,16,11.0,72,57,16,16.0,75,57,60,57,0.26,0.87,0.54,0.89
11-3051.01,Quality Control Systems Managers,0.0754716981132075,0.5094339622641509,0.9433962264150944,0.1886792452830188,0.4716981132075472,0.7547169811320754,4,63,57,69,59,60,50,72,59,72,59,53,48.0,25,21.0,78,57,35,,69,54,69,54,0.31,0.93,0.73,0.82
11-3051.02,Geothermal Production Managers,0.2,0.4833333333333333,0.7666666666666666,0.1333333333333333,0.3833333333333333,0.6333333333333333,3,63,46,75,55,56,48,72,63,66,52,56,54.0,22,18.0,72,61,35,,72,57,66,54,0.37,0.82,0.63,0.94
11-3051.03,Biofuels Production Managers,0.0,0.2857142857142857,0.5714285714285714,0.0714285714285714,0.1785714285714285,0.2857142857142857,4,56,52,72,55,60,50,69,55,69,55,50,46.0,28,23.0,72,57,50,50.0,66,57,63,50,0.6,0.82,0.63,0.78
11-3051.04,Biomass Power Plant Managers,0.03125,0.328125,0.625,0.125,0.28125,0.4375,4,53,48,75,57,50,45,72,66,72,55,50,46.0,16,13.0,72,61,38,36.0,75,57,53,54,0.42,0.83,0.73,0.85
11-3051.06,Hydroelectric Production Managers,0.0571428571428571,0.3428571428571428,0.6285714285714286,0.1142857142857142,0.3142857142857143,0.5142857142857142,3,66,52,69,57,66,54,72,54,78,57,56,50.0,28,20.0,72,59,56,46.0,78,59,63,55,0.38,0.77,0.65,0.87
11-3061.00,Purchasing Managers,0.2285714285714285,0.5857142857142857,0.9428571428571428,0.1142857142857142,0.4714285714285714,0.8285714285714285,4,60,55,72,57,53,52,63,55,72,57,50,48.0,22,16.0,69,54,6,0.0,72,55,69,57,0.51,0.82,0.63,0.72
11-3071.00,"Transportation, Storage, and Distribution Managers",0.0357142857142857,0.4821428571428571,0.9285714285714284,0.1785714285714285,0.4732142857142857,0.7678571428571428,4,57,52,73,58,52,48,72,59,71,57,52,45.0,12,8.0,72,57,11,0.0,73,57,66,52,0.38,0.77,0.56,0.75
11-3071.04,Supply Chain Managers,0.0,0.4909090909090909,0.9818181818181818,0.1454545454545454,0.4727272727272727,0.7999999999999999,4,69,54,72,57,50,46,75,59,75,57,50,43.0,16,13.0,75,57,3,0.0,75,57,72,57,0.38,0.75,0.43,0.8
11-3111.00,Compensation and Benefits Managers,0.131578947368421,0.513157894736842,0.894736842105263,0.1842105263157894,0.4605263157894737,0.7368421052631579,4,69,54,72,57,50,43,63,48,75,59,47,41.0,13,9.0,75,57,3,0.0,75,57,69,57,0.45,0.86,0.42,0.87
11-3121.00,Human Resources Managers,0.04,0.48,0.92,0.14,0.45,0.76,4,69,57,69,59,56,54,66,59,78,57,41,43.0,19,20.0,75,59,16,14.0,78,57,72,57,0.27,0.76,0.51,0.93
11-3131.00,Training and Development Managers,0.0909090909090909,0.5,0.9090909090909092,0.0454545454545454,0.4772727272727273,0.9090909090909092,4,72,61,72,57,85,75,72,61,75,57,50,43.0,19,11.0,75,57,22,13.0,75,68,72,57,0.27,0.65,0.42,0.83
11-9013.00,"Farmers, Ranchers, and Other Agricultural Managers",0.0408163265306122,0.3673469387755101,0.6938775510204082,0.1020408163265306,0.2448979591836734,0.3877551020408163,4,57,49,72,55,51,45,70,53,65,52,43,40.0,16,10.0,62,54,47,41.0,72,54,54,51,0.34,0.62,0.52,0.88
11-9021.00,Construction Managers,0.0444444444444444,0.4444444444444445,0.8444444444444444,0.2,0.4,0.6,4,66,55,69,59,50,45,72,61,72,59,56,52.0,13,7.0,69,59,22,25.0,72,59,56,55,0.25,0.71,0.49,0.81
11-9031.00,"Education and Childcare Administrators, Preschool and Daycare",0.0625,0.46875,0.875,0.28125,0.515625,0.75,4,63,55,75,57,66,55,75,59,75,57,47,41.0,13,9.0,75,59,13,11.0,75,57,69,57,0.28,0.76,0.67,0.86
11-9032.00,"Education Administrators, Kindergarten through Secondary",0.0181818181818181,0.4181818181818181,0.8181818181818181,0.2727272727272727,0.4545454545454545,0.6363636363636364,5,72,59,81,63,81,66,75,68,85,64,53,46.0,19,11.0,81,66,19,20.0,85,63,78,63,0.24,0.79,0.5,0.85
11-9033.00,"Education Administrators, Postsecondary",0.024390243902439,0.4390243902439024,0.8536585365853658,0.3414634146341463,0.475609756097561,0.6097560975609756,5,72,57,78,61,69,57,75,61,75,61,47,45.0,10,7.0,78,66,13,7.0,75,61,75,61,0.22,0.78,0.34,0.92
11-9041.00,Architectural and Engineering Managers,0.0,0.4714285714285714,0.9428571428571428,0.1142857142857142,0.3857142857142857,0.6571428571428571,5,72,55,72,61,56,45,69,57,75,57,72,61.0,22,16.0,78,63,41,39.0,75,57,75,59,0.26,0.75,0.62,0.88
11-9041.01,Biofuels/Biodiesel Technology and Product Development Managers,0.1034482758620689,0.4137931034482758,0.7241379310344828,0.0,0.2758620689655172,0.5517241379310345,4,56,54,66,59,47,46,56,55,63,52,53,45.0,25,20.0,66,61,53,,66,50,66,55,0.27,0.78,0.47,0.86
11-9051.00,Food Service Managers,0.0625,0.4166666666666666,0.7708333333333333,0.1875,0.3958333333333333,0.6041666666666666,2,60,54,66,54,50,46,69,55,69,50,47,41.0,13,9.0,66,52,16,16.0,69,52,50,45,0.36,0.82,0.74,0.79
11-9071.00,Gambling Managers,0.3235294117647059,0.5735294117647058,0.8235294117647058,0.2647058823529412,0.4852941176470588,0.7058823529411764,3,66,52,75,57,56,52,72,59,69,55,50,45.0,16,9.0,63,57,16,11.0,75,57,66,54,0.28,0.85,0.65,0.87
11-9081.00,Lodging Managers,0.0434782608695652,0.4565217391304347,0.8695652173913043,0.2608695652173913,0.3804347826086956,0.5,4,69,55,69,55,60,52,69,54,78,57,41,41.0,16,13.0,72,55,0,0.0,75,57,72,57,0.47,0.79,0.79,0.92
11-9111.00,Medical and Health Services Managers,0.0,0.4285714285714285,0.8571428571428571,0.1142857142857142,0.3714285714285714,0.6285714285714286,5,72,57,78,57,53,54,66,57,75,57,44,41.0,19,14.0,75,59,44,45.0,81,57,75,57,0.55,0.88,0.77,0.78
11-9121.00,Natural Sciences Managers,0.1333333333333333,0.5666666666666667,1.0,0.3666666666666666,0.5666666666666667,0.7666666666666666,5,63,68,75,63,63,55,75,59,75,68,53,57.0,22,23.0,75,71,78,70.0,72,61,72,71,0.13,0.86,0.49,0.85
11-9121.01,Clinical Research Coordinators,0.1525423728813559,0.5254237288135593,0.8983050847457628,0.2203389830508474,0.4661016949152542,0.711864406779661,4,60,57,69,57,53,48,66,54,75,57,47,43.0,16,13.0,75,61,50,43.0,72,57,75,57,0.23,0.89,0.78,0.75
11-9121.02,Water Resource Specialists,0.048780487804878,0.5,0.951219512195122,0.1463414634146341,0.4268292682926829,0.7073170731707318,4,56,54,75,57,53,46,56,54,75,57,56,54.0,22,21.0,75,59,50,46.0,75,57,75,57,0.26,0.74,0.28,0.79
11-9131.00,Postmasters and Mail Superintendents,0.1428571428571428,0.5238095238095237,0.9047619047619048,0.238095238095238,0.4523809523809523,0.6666666666666666,2,56,45,69,55,60,46,69,52,75,48,44,36.0,19,13.0,75,55,13,7.0,75,57,56,54,0.41,0.79,0.68,0.72
11-9141.00,"Property, Real Estate, and Community Association Managers",0.0,0.4431818181818182,0.8863636363636364,0.2045454545454545,0.4318181818181818,0.6590909090909091,4,50,45,63,55,44,45,53,45,69,57,50,43.0,13,7.0,72,57,10,7.0,75,57,66,57,0.3,0.73,0.48,0.81
11-9151.00,Social and Community Service Managers,0.0714285714285714,0.3928571428571428,0.7142857142857142,0.25,0.4464285714285714,0.6428571428571428,4,72,55,72,59,66,54,72,57,72,61,41,45.0,19,13.0,69,59,31,29.0,69,59,69,57,0.31,0.8,0.61,0.84
11-9161.00,Emergency Management Directors,0.0,0.4222222222222222,0.8444444444444444,0.4,0.6,0.8,4,69,63,75,63,66,55,75,63,75,57,50,45.0,16,9.0,75,61,28,23.0,78,61,75,61,0.31,0.69,0.44,0.8
11-9171.00,Funeral Home Managers,0.1428571428571428,0.4285714285714285,0.7142857142857142,0.2857142857142857,0.5357142857142857,0.7857142857142857,3,44,43,53,52,47,43,66,52,69,52,35,37.0,13,11.0,66,54,6,0.0,69,55,60,52,0.14,0.78,0.5,0.88
11-9179.01,Fitness and Wellness Coordinators,0.0869565217391304,0.3804347826086956,0.6739130434782609,0.0869565217391304,0.2934782608695652,0.5,4,60,50,72,55,56,50,60,55,69,54,35,37.0,19,13.0,69,55,16,20.0,72,57,63,54,0.23,0.43,0.21,0.86
11-9179.02,Spa Managers,0.238095238095238,0.5238095238095237,0.8095238095238095,0.1428571428571428,0.3571428571428571,0.5714285714285714,3,63,55,72,57,60,52,75,59,69,50,44,41.0,13,11.0,60,54,3,0.0,75,57,53,52,0.27,0.75,0.59,0.75
11-9199.01,Regulatory Affairs Managers,0.1153846153846153,0.5576923076923077,1.0,0.1923076923076923,0.5384615384615385,0.8846153846153847,4,60,55,72,59,50,50,72,59,72,57,38,41.0,19,11.0,75,61,38,29.0,75,57,75,57,0.17,0.89,0.55,0.73
11-9199.02,Compliance Managers,0.08,0.52,0.96,0.34,0.54,0.74,4,69,55,75,61,56,50,69,66,72,59,28,32.0,19,13.0,75,59,10,7.0,72,59,72,59,0.18,0.91,0.71,0.83
11-9199.08,Loss Prevention Managers,0.0566037735849056,0.4339622641509433,0.8113207547169811,0.1132075471698113,0.3679245283018867,0.6226415094339622,4,69,54,72,57,56,46,72,57,75,57,44,39.0,16,11.0,75,57,0,0.0,75,57,69,55,0.35,0.73,0.5,0.79
11-9199.09,Wind Energy Operations Managers,0.0625,0.4375,0.8125,0.1875,0.40625,0.625,3,50,52,72,57,50,45,72,59,75,57,50,46.0,22,18.0,72,57,25,16.0,72,57,69,57,0.36,0.72,0.52,0.9
11-9199.10,Wind Energy Development Managers,0.0666666666666666,0.5333333333333333,1.0,0.2666666666666666,0.5333333333333333,0.8,4,60,57,75,61,44,41,63,55,69,54,50,50.0,19,18.0,72,61,19,16.0,72,54,72,55,0.14,0.65,0.32,0.92
11-9199.11,Brownfield Redevelopment Specialists and Site Managers,0.0465116279069767,0.4651162790697674,0.8837209302325582,0.2093023255813953,0.4069767441860465,0.6046511627906976,4,56,55,75,61,50,43,75,59,72,57,66,55.0,16,11.0,75,64,50,46.0,75,59,72,59,0.16,0.68,0.38,0.75
13-1011.00,"Agents and Business Managers of Artists, Performers, and Athletes",0.1739130434782608,0.5434782608695652,0.9130434782608696,0.3043478260869565,0.3695652173913043,0.4347826086956521,4,63,50,69,54,41,39,47,43,75,57,28,29.0,13,7.0,75,57,16,9.0,75,57,66,55,0.17,0.86,0.47,0.86
13-1021.00,"Buyers and Purchasing Agents, Farm Products",0.0555555555555555,0.5277777777777778,1.0,0.0555555555555555,0.25,0.4444444444444444,4,53,45,72,54,38,43,53,45,69,48,50,43.0,13,11.0,60,50,16,20.0,72,55,53,45,0.49,0.85,0.8,0.92
13-1022.00,"Wholesale and Retail Buyers, Except Farm Products",0.0333333333333333,0.4666666666666667,0.9,0.1,0.4,0.7,3,60,55,69,57,47,46,53,57,69,55,53,48.0,19,13.0,56,55,19,13.0,69,55,50,48,0.2,0.76,0.78,0.88
13-1023.00,"Purchasing Agents, Except Wholesale, Retail, and Farm Products",0.0526315789473684,0.4736842105263157,0.894736842105263,0.1578947368421052,0.3684210526315789,0.5789473684210527,4,69,55,69,55,50,45,69,55,72,55,47,41.0,6,0.0,75,57,3,0.0,72,57,69,54,0.41,0.86,0.64,0.85
13-1031.00,"Claims Adjusters, Examiners, and Investigators",0.08,0.52,0.96,0.18,0.49,0.8,4,58,47,72,57,36,37,53,45,70,56,49,44.0,11,9.0,72,58,11,0.0,70,55,67,54,0.62,0.93,0.83,0.76
13-1032.00,"Insurance Appraisers, Auto Damage",0.0,0.5,1.0,0.1428571428571428,0.5,0.8571428571428571,3,47,43,60,54,28,21,38,41,63,55,41,39.0,6,0.0,63,52,3,0.0,69,54,69,46,0.56,0.85,0.7,0.86
13-1041.00,Compliance Officers,0.4545454545454546,0.6818181818181819,0.9090909090909092,0.4545454545454546,0.6136363636363636,0.7727272727272727,3,56,43,66,55,41,39,53,46,75,57,35,32.0,19,16.0,72,57,0,0.0,72,57,63,54,0.38,0.87,0.74,0.58
13-1041.01,Environmental Compliance Inspectors,0.1707317073170731,0.4512195121951219,0.7317073170731707,0.2926829268292683,0.4878048780487805,0.6829268292682927,4,69,59,75,61,50,46,69,63,72,57,50,45.0,16,16.0,75,68,50,46.0,72,61,72,59,0.15,0.75,0.58,0.75
13-1041.03,Equal Opportunity Representatives and Officers,0.4,0.6,0.8,0.3666666666666667,0.5,0.6333333333333333,4,69,57,75,64,50,48,60,55,81,66,38,39.0,22,21.0,78,68,16,11.0,75,61,72,63,0.34,0.83,0.5,0.89
13-1041.04,Government Property Inspectors and Investigators,0.1176470588235294,0.4411764705882353,0.7647058823529411,0.1764705882352941,0.3529411764705882,0.5294117647058824,3,63,48,75,59,50,45,60,59,78,59,47,45.0,19,18.0,75,61,22,18.0,75,59,75,57,0.3,0.86,0.58,0.75
13-1041.06,Coroners,0.1351351351351351,0.3378378378378378,0.5405405405405406,0.3243243243243243,0.4594594594594595,0.5945945945945946,3,60,54,75,59,50,43,56,50,72,59,41,36.0,13,7.0,75,61,53,54.0,75,59,72,59,0.15,0.89,0.6,0.74
13-1041.07,Regulatory Affairs Specialists,0.0892857142857142,0.5357142857142857,0.9821428571428572,0.4285714285714285,0.6696428571428571,0.9107142857142856,4,56,55,72,61,50,43,56,54,75,57,38,41.0,22,20.0,72,68,22,16.0,75,59,75,59,0.18,0.79,0.58,0.73
13-1041.08,Customs Brokers,0.2727272727272727,0.6363636363636364,1.0,0.3181818181818182,0.6022727272727273,0.8863636363636364,3,56,52,69,55,53,43,56,52,75,57,50,43.0,22,20.0,72,57,0,0.0,69,57,69,55,0.61,0.96,0.83,0.63
13-1051.00,Cost Estimators,0.0,0.5,1.0,0.1538461538461538,0.4807692307692308,0.8076923076923077,4,56,55,72,61,47,43,50,52,69,59,75,61.0,22,23.0,72,59,13,9.0,69,54,63,54,0.32,0.88,0.63,0.72
13-1071.00,Human Resources Specialists,0.3333333333333333,0.6444444444444445,0.9555555555555556,0.3777777777777777,0.5888888888888889,0.8,4,56,48,72,57,50,46,50,54,75,57,25,29.0,16,9.0,75,57,3,0.0,78,57,72,57,0.49,0.84,0.72,0.87
13-1074.00,Farm Labor Contractors,0.0,0.1428571428571428,0.2857142857142857,0.0,0.0,0.0,2,35,34,50,46,31,30,44,37,60,45,28,30.0,10,7.0,44,41,6,0.0,63,48,44,39,0.3,0.82,0.87,0.99
13-1075.00,Labor Relations Specialists,0.1698113207547169,0.5471698113207547,0.9245283018867924,0.1132075471698113,0.4433962264150943,0.7735849056603773,4,63,55,72,57,56,48,63,54,88,61,41,39.0,10,7.0,81,59,0,0.0,85,64,78,61,0.23,0.74,0.26,0.83
13-1081.00,Logisticians,0.0909090909090909,0.5,0.9090909090909092,0.1818181818181818,0.4545454545454546,0.7272727272727273,4,63,50,75,59,50,50,72,66,72,59,50,48.0,22,25.0,72,59,19,13.0,72,57,60,54,0.46,0.74,0.57,0.72
13-1081.01,Logistics Engineers,0.0350877192982456,0.5175438596491228,1.0,0.4736842105263157,0.6842105263157894,0.894736842105263,4,69,55,72,61,50,50,56,55,75,59,72,57.0,41,32.0,78,63,38,41.0,69,57,75,59,0.36,0.79,0.58,0.76
13-1081.02,Logistics Analysts,0.1320754716981132,0.5660377358490566,1.0,0.3962264150943396,0.6509433962264151,0.9056603773584906,4,53,54,75,59,44,43,69,57,72,57,50,54.0,25,25.0,75,57,19,11.0,69,48,60,57,0.49,0.79,0.75,0.77
13-1111.00,Management Analysts,0.0952380952380952,0.4047619047619047,0.7142857142857142,0.1904761904761904,0.5,0.8095238095238095,5,60,54,78,59,50,50,72,57,78,59,50,46.0,19,13.0,78,59,25,27.0,75,57,75,57,0.31,0.76,0.27,0.81
13-1121.00,"Meeting, Convention, and Event Planners",0.1081081081081081,0.4864864864864865,0.8648648648648649,0.081081081081081,0.3648648648648649,0.6486486486486487,4,60,45,72,55,35,41,63,54,75,57,38,36.0,10,5.0,75,57,6,0.0,75,57,63,52,0.17,0.74,0.56,0.93
13-1131.00,Fundraisers,0.1538461538461538,0.5192307692307693,0.8846153846153847,0.25,0.4903846153846154,0.7307692307692308,4,56,50,72,57,47,43,53,50,75,59,50,43.0,13,7.0,75,57,10,5.0,78,63,75,59,0.23,0.66,0.45,0.85
13-1141.00,"Compensation, Benefits, and Job Analysis Specialists",0.0789473684210526,0.4736842105263157,0.8684210526315789,0.3157894736842105,0.4736842105263157,0.631578947368421,4,60,52,72,57,50,50,56,52,69,57,47,48.0,19,21.0,72,59,35,32.0,69,57,60,55,0.29,0.88,0.75,0.89
13-1151.00,Training and Development Specialists,0.1052631578947368,0.5526315789473684,1.0,0.4210526315789473,0.5921052631578947,0.763157894736842,4,66,54,72,57,81,70,75,61,78,59,41,37.0,10,5.0,75,61,22,29.0,78,61,72,61,0.27,0.69,0.34,0.75
13-1161.00,Market Research Analysts and Marketing Specialists,0.0,0.5,1.0,0.2307692307692307,0.576923076923077,0.9230769230769232,4,63,57,75,57,50,43,56,52,72,57,56,48.0,28,29.0,75,66,31,32.0,72,57,75,59,0.34,0.86,0.49,0.82
13-1161.01,Search Marketing Strategists,0.0983606557377049,0.5491803278688525,1.0,0.0163934426229508,0.5081967213114754,1.0,4,69,55,69,55,47,43,60,54,69,57,44,41.0,44,30.0,72,59,6,0.0,66,54,63,54,0.29,0.69,0.46,0.81
13-1199.04,Business Continuity Planners,0.1463414634146341,0.5731707317073171,1.0,0.1951219512195122,0.5,0.8048780487804879,4,69,54,72,64,53,52,63,55,69,55,44,41.0,25,18.0,72,59,3,0.0,75,57,72,57,0.35,0.65,0.38,0.74
13-1199.05,Sustainability Specialists,0.2142857142857142,0.6071428571428571,1.0,0.4285714285714285,0.6785714285714285,0.9285714285714284,4,56,48,72,57,53,45,63,50,72,57,47,41.0,13,9.0,75,59,31,25.0,75,59,75,59,0.13,0.64,0.32,0.79
13-1199.06,Online Merchants,0.3620689655172414,0.6293103448275862,0.896551724137931,0.3103448275862069,0.5603448275862069,0.8103448275862069,4,47,45,63,55,35,36,53,52,63,52,50,45.0,35,25.0,66,54,6,0.0,63,48,60,46,0.42,0.79,0.61,0.84
13-2011.00,Accountants and Auditors,0.12,0.56,1.0,0.2,0.52,0.84,4,58,50,72,55,49,43,58,51,74,57,67,57.0,16,14.0,74,58,22,23.0,70,55,69,52,0.51,0.93,0.71,0.79
13-2023.00,Appraisers and Assessors of Real Estate,0.0178571428571428,0.4910714285714285,0.9642857142857142,0.1964285714285714,0.4642857142857142,0.7321428571428571,4,59,47,72,55,27,29,45,40,74,54,55,53.0,13,8.0,74,57,17,13.0,69,55,61,54,0.33,0.87,0.68,0.74
13-2031.00,Budget Analysts,0.08,0.52,0.96,0.32,0.64,0.96,4,56,48,69,55,47,39,53,48,75,57,69,50.0,22,16.0,72,57,6,0.0,69,48,56,54,0.48,0.91,0.77,0.75
13-2041.00,Credit Analysts,0.1111111111111111,0.5555555555555556,1.0,0.2222222222222222,0.5555555555555556,0.8888888888888888,4,66,52,72,57,35,36,50,43,63,57,60,59.0,16,14.0,66,57,10,5.0,66,57,53,55,0.35,0.88,0.78,0.8
13-2052.00,Personal Financial Advisors,0.0526315789473684,0.5,0.9473684210526316,0.3947368421052631,0.6710526315789473,0.9473684210526316,4,60,46,72,59,47,43,53,52,75,57,60,55.0,19,14.0,75,57,22,18.0,75,57,75,57,0.35,0.82,0.52,0.82
13-2053.00,Insurance Underwriters,0.1428571428571428,0.5714285714285714,1.0,0.1428571428571428,0.5,0.8571428571428571,4,53,48,69,55,44,43,50,43,69,57,47,41.0,13,11.0,69,54,10,5.0,66,52,69,54,0.47,0.83,0.63,0.77
13-2061.00,Financial Examiners,0.0606060606060606,0.5,0.9393939393939394,0.303030303030303,0.5757575757575758,0.8484848484848485,4,66,59,78,64,60,55,72,61,75,59,66,55.0,16,14.0,78,61,6,0.0,75,59,75,57,0.33,0.75,0.43,0.65
13-2071.00,Credit Counselors,0.2727272727272727,0.625,0.9772727272727272,0.4545454545454546,0.6931818181818182,0.931818181818182,4,66,50,69,55,53,45,50,43,72,57,53,43.0,13,11.0,72,55,0,0.0,75,57,69,54,0.5,0.83,0.77,0.76
13-2072.00,Loan Officers,0.2045454545454545,0.5909090909090909,0.9772727272727272,0.3409090909090909,0.6477272727272727,0.9545454545454546,4,53,45,69,57,44,37,47,43,75,57,56,45.0,16,13.0,72,57,0,0.0,75,57,60,55,0.55,0.88,0.61,0.85
13-2081.00,"Tax Examiners and Collectors, and Revenue Agents",0.1935483870967742,0.5806451612903225,0.967741935483871,0.4516129032258064,0.6774193548387096,0.9032258064516128,3,56,52,72,52,47,43,50,41,75,57,53,46.0,16,13.0,75,59,0,0.0,72,54,60,46,0.46,0.9,0.88,0.71
13-2082.00,Tax Preparers,0.25,0.625,1.0,0.25,0.625,1.0,3,53,45,63,52,44,43,53,43,72,57,53,46.0,16,9.0,75,57,0,0.0,56,50,50,43,0.44,0.93,0.82,0.79
13-2099.01,Financial Quantitative Analysts,0.3783783783783784,0.6891891891891893,1.0,0.3243243243243243,0.6621621621621622,1.0,5,63,57,78,66,50,46,50,45,69,57,81,70.0,44,,75,64,22,21.0,69,54,60,55,0.27,0.93,0.53,0.83
13-2099.04,"Fraud Examiners, Investigators and Analysts",0.0909090909090909,0.4772727272727273,0.8636363636363636,0.1818181818181818,0.5227272727272727,0.8636363636363636,4,72,50,75,59,50,43,60,45,75,59,47,43.0,19,14.0,75,61,6,0.0,75,57,78,59,0.37,0.91,0.7,0.79
15-1211.00,Computer Systems Analysts,0.5882352941176471,0.75,0.9117647058823528,0.1176470588235294,0.4705882352941176,0.8235294117647058,4,63,59,72,61,50,45,56,57,72,57,50,50.0,53,52.0,72,63,31,30.0,69,57,63,57,0.46,0.87,0.79,0.78
15-1211.01,Health Informatics Specialists,0.0,0.4848484848484848,0.9696969696969696,0.3636363636363636,0.6363636363636364,0.9090909090909092,4,69,68,72,61,72,55,69,57,75,61,47,41.0,44,45.0,81,70,28,27.0,75,59,75,57,0.38,0.82,0.81,0.81
15-1212.00,Information Security Analysts,0.3478260869565217,0.6521739130434783,0.9565217391304348,0.0869565217391304,0.5434782608695652,1.0,4,56,55,72,59,47,45,60,55,69,55,31,34.0,41,32.0,75,59,22,23.0,66,54,63,54,0.26,0.77,0.58,0.77
15-1221.00,Computer and Information Research Scientists,0.3846153846153846,0.6346153846153847,0.8846153846153847,0.2307692307692307,0.5,0.7692307692307693,5,63,70,75,61,50,50,53,57,69,59,60,63.0,66,64.0,69,64,53,48.0,63,59,60,59,0.33,0.74,0.31,0.75
15-1231.00,Computer Network Support Specialists,0.4615384615384615,0.6346153846153847,0.8076923076923077,0.2307692307692307,0.5384615384615385,0.8461538461538463,4,56,48,69,54,41,46,56,52,63,52,28,37.0,31,,60,55,22,21.0,56,50,50,50,0.32,0.86,0.68,0.83
15-1232.00,Computer User Support Specialists,0.4444444444444444,0.611111111111111,0.7777777777777777,0.4814814814814814,0.6666666666666666,0.8518518518518519,3,53,46,69,57,47,45,50,45,75,57,31,30.0,28,30.0,75,57,19,21.0,75,57,66,45,0.41,0.87,0.59,0.84
15-1241.00,Computer Network Architects,0.390625,0.6640625,0.9375,0.203125,0.5546875,0.90625,4,56,52,75,61,47,46,56,50,72,54,56,55.0,63,48.0,72,61,28,23.0,69,57,66,54,0.48,0.76,0.35,0.77
15-1241.01,Telecommunications Engineering Specialists,0.3191489361702128,0.6063829787234043,0.8936170212765957,0.2553191489361702,0.5319148936170213,0.8085106382978723,3,60,54,66,54,47,41,53,45,66,55,50,43.0,35,29.0,66,55,22,20.0,56,52,56,54,0.31,0.78,0.47,0.74
15-1242.00,Database Administrators,0.8709677419354839,0.935483870967742,1.0,0.2903225806451612,0.5967741935483871,0.9032258064516128,4,63,55,72,59,50,48,60,59,63,55,53,50.0,60,55.0,63,63,25,21.0,60,55,60,55,0.48,0.75,0.55,0.63
15-1243.00,Database Architects,0.7560975609756098,0.8780487804878049,1.0,0.2439024390243902,0.5975609756097561,0.951219512195122,4,53,52,72,61,47,45,56,52,63,52,50,48.0,56,59.0,66,63,25,,63,54,60,57,0.4,0.85,0.68,0.76
15-1243.01,Data Warehousing Specialists,0.8888888888888888,0.9444444444444444,1.0,0.3888888888888888,0.6944444444444444,1.0,4,50,46,72,55,41,39,47,45,63,52,50,46.0,69,54.0,72,57,22,,60,52,56,48,0.35,0.86,0.6,0.73
15-1244.00,Network and Computer Systems Administrators,0.5405405405405406,0.7297297297297298,0.918918918918919,0.1621621621621621,0.5135135135135136,0.8648648648648649,4,53,54,72,55,44,52,69,55,69,55,50,48.0,66,55.0,72,57,31,36.0,60,55,53,54,0.4,0.75,0.58,0.79
15-1251.00,Computer Programmers,0.9,0.95,1.0,0.4333333333333333,0.6833333333333333,0.9333333333333332,4,53,46,69,55,35,37,50,45,69,57,53,45.0,94,70.0,60,50,44,39.0,53,48,56,46,0.32,0.81,0.54,0.6
15-1253.00,Software Quality Assurance Analysts and Testers,0.8070175438596491,0.8771929824561403,0.9473684210526316,0.3157894736842105,0.6140350877192982,0.912280701754386,4,56,43,75,55,44,41,63,54,66,55,31,32.0,69,50.0,72,57,50,46.0,69,50,66,55,0.39,0.84,0.58,0.7
15-1254.00,Web Developers,0.8653846153846154,0.9326923076923076,1.0,0.3076923076923077,0.6346153846153847,0.9615384615384616,3,63,52,69,55,47,45,50,48,63,50,44,41.0,78,61.0,66,57,25,32.0,56,46,53,50,0.25,0.81,0.79,0.77
15-1255.01,Video Game Designers,0.3333333333333333,0.6666666666666666,1.0,0.1666666666666666,0.5833333333333333,1.0,4,63,52,66,55,50,43,56,50,69,57,41,43.0,75,57.0,66,57,6,,60,50,56,52,0.12,0.6,0.43,0.79
15-1299.01,Web Administrators,0.8260869565217391,0.9130434782608696,1.0,0.4347826086956521,0.6739130434782609,0.9130434782608696,4,53,54,75,59,50,43,60,50,69,55,28,30.0,53,41.0,72,59,28,34.0,56,50,56,48,0.43,0.76,0.64,0.84
15-1299.02,Geographic Information Systems Technologists and Technicians,0.1851851851851851,0.5925925925925926,1.0,0.2407407407407407,0.6018518518518519,0.9629629629629628,4,61,53,69,56,49,44,50,47,63,55,56,55.0,45,43.0,70,62,56,,64,53,63,54,0.48,0.92,0.75,0.73
15-1299.03,Document Management Specialists,0.2222222222222222,0.6111111111111112,1.0,0.3555555555555555,0.6777777777777778,1.0,4,56,46,69,54,50,43,66,45,69,55,31,32.0,38,27.0,72,55,6,0.0,53,46,69,55,0.5,0.76,0.59,0.73
15-1299.08,Computer Systems Engineers/Architects,0.5357142857142857,0.7678571428571428,1.0,0.2142857142857142,0.5714285714285714,0.9285714285714284,4,69,57,78,55,50,46,63,54,75,57,53,46.0,60,59.0,78,61,53,50.0,69,55,72,57,0.42,0.8,0.55,0.79
15-1299.09,Information Technology Project Managers,0.1428571428571428,0.5714285714285714,1.0,0.0476190476190476,0.4523809523809523,0.8571428571428571,4,60,55,78,61,50,46,66,64,75,57,47,45.0,31,23.0,75,57,28,21.0,72,57,75,57,0.29,0.74,0.63,0.85
15-2011.00,Actuaries,0.0,0.5,1.0,0.2222222222222222,0.537037037037037,0.8518518518518519,4,60,59,81,68,50,50,53,52,75,59,81,70.0,38,39.0,78,66,28,29.0,72,57,60,57,0.38,0.88,0.52,0.73
15-2021.00,Mathematicians,1.0,1.0,1.0,0.3809523809523809,0.6904761904761905,1.0,5,75,75,81,73,60,54,50,43,60,59,100,86.0,38,37.0,75,71,66,66.0,60,61,63,64,0.13,0.92,0.38,0.88
15-2031.00,Operations Research Analysts,0.2580645161290322,0.6290322580645161,1.0,0.2580645161290322,0.6290322580645161,1.0,5,72,59,78,63,50,45,47,43,75,57,88,68.0,38,39.0,75,63,53,45.0,72,57,75,57,0.21,0.84,0.36,0.89
15-2041.00,Statisticians,0.5789473684210527,0.7894736842105263,1.0,0.4736842105263157,0.7105263157894737,0.9473684210526316,5,66,55,78,70,50,45,47,45,72,55,94,82.0,50,52.0,75,70,63,57.0,69,61,63,63,0.26,0.82,0.36,0.74
15-2041.01,Biostatisticians,0.32,0.66,1.0,0.6,0.74,0.88,5,75,70,75,70,60,55,50,52,72,61,91,73.0,60,57.0,75,73,75,66.0,75,64,72,70,0.23,0.83,0.43,0.78
15-2051.01,Business Intelligence Analysts,0.3939393939393939,0.696969696969697,1.0,0.2121212121212121,0.5757575757575758,0.9393939393939394,4,69,59,75,61,50,43,53,48,72,59,60,55.0,41,36.0,75,63,19,11.0,72,57,69,59,0.29,0.81,0.56,0.86
15-2051.02,Clinical Data Managers,0.275,0.6375000000000001,1.0,0.4,0.5750000000000001,0.75,4,66,57,75,61,47,46,66,59,72,55,63,55.0,56,52.0,72,61,35,32.0,72,57,69,57,0.38,0.86,0.7,0.78
15-2099.01,Bioinformatics Technicians,0.7666666666666666,0.8666666666666667,0.9666666666666668,0.3333333333333333,0.65,0.9666666666666668,4,63,55,63,54,44,41,56,50,63,52,60,55.0,53,43.0,69,61,53,48.0,60,52,63,54,0.49,0.82,0.53,0.73
17-1011.00,"Architects, Except Landscape and Naval",0.0697674418604651,0.4883720930232558,0.9069767441860463,0.1627906976744186,0.4302325581395348,0.6976744186046512,5,66,59,75,64,56,45,69,63,72,61,63,59.0,22,18.0,75,68,47,43.0,75,57,72,59,0.26,0.74,0.53,0.72
17-1012.00,Landscape Architects,0.0,0.4210526315789473,0.8421052631578947,0.0526315789473684,0.3684210526315789,0.6842105263157894,4,69,54,72,55,47,43,50,50,75,57,50,45.0,13,11.0,75,57,38,41.0,72,57,69,55,0.26,0.76,0.44,0.72
17-1021.00,Cartographers and Photogrammetrists,0.04,0.52,1.0,0.08,0.46,0.84,4,56,48,63,54,47,43,53,45,60,50,47,45.0,22,16.0,75,59,22,21.0,53,45,63,52,0.42,0.97,0.63,0.74
17-1022.00,Surveyors,0.1111111111111111,0.4888888888888889,0.8666666666666667,0.1333333333333333,0.4333333333333333,0.7333333333333334,4,56,48,72,57,53,50,50,50,69,55,75,57.0,22,21.0,72,57,47,41.0,72,55,66,54,0.44,0.92,0.62,0.65
17-1022.01,Geodetic Surveyors,0.1875,0.53125,0.875,0.1875,0.40625,0.625,4,56,55,75,57,50,50,60,55,72,57,78,68.0,35,43.0,75,63,53,52.0,56,55,56,59,0.44,0.94,0.84,0.7
17-2011.00,Aerospace Engineers,0.2142857142857142,0.5714285714285714,0.9285714285714284,0.1428571428571428,0.5178571428571428,0.8928571428571428,4,66,55,78,66,60,54,69,55,72,59,72,68.0,28,,75,71,75,73.0,72,61,72,64,0.14,0.75,0.34,0.77
17-2021.00,Agricultural Engineers,0.074074074074074,0.4259259259259259,0.7777777777777777,0.0,0.3333333333333333,0.6666666666666666,4,56,55,78,61,47,45,53,54,75,57,72,57.0,28,23.0,75,66,60,48.0,72,57,72,61,0.35,0.78,0.47,0.81
17-2031.00,Bioengineers and Biomedical Engineers,0.2307692307692307,0.5897435897435898,0.9487179487179488,0.2564102564102564,0.5384615384615384,0.8205128205128205,4,66,68,81,68,53,59,69,59,78,63,69,66.0,50,50.0,78,73,72,66.0,72,63,69,61,0.24,0.76,0.4,0.77
17-2041.00,Chemical Engineers,0.0769230769230769,0.4615384615384615,0.8461538461538463,0.0769230769230769,0.3461538461538461,0.6153846153846154,4,69,64,75,70,47,52,56,55,60,57,72,66.0,35,41.0,72,63,81,73.0,66,55,56,55,0.46,0.82,0.36,0.79
17-2051.00,Civil Engineers,0.0714285714285714,0.4464285714285714,0.8214285714285714,0.1428571428571428,0.375,0.6071428571428571,4,56,66,72,66,47,52,56,55,75,57,72,68.0,22,27.0,72,71,69,57.0,72,55,56,55,0.33,0.85,0.55,0.75
17-2051.01,Transportation Engineers,0.0227272727272727,0.5,0.9772727272727272,0.2272727272727273,0.4886363636363636,0.75,4,60,57,72,59,53,45,53,50,69,55,72,66.0,28,36.0,75,63,38,43.0,75,57,69,55,0.27,0.79,0.59,0.8
17-2051.02,Water/Wastewater Engineers,0.0727272727272727,0.5,0.9272727272727272,0.1454545454545454,0.5,0.8545454545454545,4,56,57,75,59,53,54,66,57,72,57,72,64.0,28,36.0,75,63,63,,69,57,75,57,0.22,0.72,0.35,0.71
17-2061.00,Computer Hardware Engineers,0.5454545454545454,0.7272727272727273,0.9090909090909092,0.1818181818181818,0.3181818181818182,0.4545454545454546,4,69,59,75,59,47,45,53,46,72,55,56,48.0,38,39.0,75,64,47,46.0,72,57,72,59,0.43,0.85,0.53,0.76
17-2071.00,Electrical Engineers,0.28125,0.5625,0.84375,0.15625,0.40625,0.65625,4,63,48,72,57,47,43,63,50,72,57,56,57.0,25,21.0,72,61,53,50.0,69,54,72,55,0.15,0.82,0.46,0.77
17-2072.00,"Electronics Engineers, Except Computer",0.2941176470588235,0.5735294117647058,0.8529411764705882,0.3529411764705882,0.5147058823529411,0.6764705882352942,4,60,54,75,57,47,45,63,52,66,57,56,52.0,41,41.0,75,59,56,45.0,69,57,69,57,0.28,0.79,0.57,0.82
17-2072.01,Radio Frequency Identification Device Specialists,0.4285714285714285,0.6666666666666666,0.9047619047619048,0.0952380952380952,0.3809523809523809,0.6666666666666666,4,53,50,72,55,41,46,53,54,69,52,41,48.0,38,,66,57,25,27.0,69,52,56,52,0.24,0.83,0.54,0.81
17-2081.00,Environmental Engineers,0.1296296296296296,0.5555555555555556,0.9814814814814814,0.2407407407407407,0.5,0.7592592592592592,4,69,59,75,61,53,45,72,61,75,59,60,57.0,19,16.0,75,66,53,52.0,72,61,75,59,0.23,0.63,0.29,0.69
17-2111.00,"Health and Safety Engineers, Except Mining Safety Engineers and Inspectors",0.12,0.47,0.8200000000000001,0.4,0.52,0.64,4,66,55,75,60,56,49,61,55,72,60,49,47.0,25,21.0,75,65,61,55.0,74,59,74,59,0.24,0.82,0.46,0.76
17-2111.02,Fire-Prevention and Protection Engineers,0.0769230769230769,0.5384615384615385,1.0,0.5384615384615385,0.6153846153846154,0.6923076923076923,4,66,55,78,59,47,48,50,48,72,57,47,45.0,22,23.0,75,57,63,55.0,72,57,72,57,0.1,0.79,0.44,0.76
17-2112.00,Industrial Engineers,0.0526315789473684,0.5263157894736842,1.0,0.3157894736842105,0.6052631578947368,0.894736842105263,4,56,55,75,59,44,43,60,61,75,59,56,55.0,22,16.0,75,64,28,25.0,72,59,69,59,0.29,0.81,0.54,0.86
17-2112.01,Human Factors Engineers and Ergonomists,0.14,0.51,0.88,0.32,0.52,0.72,5,63,61,75,63,56,50,60,59,72,63,56,57.0,31,34.0,75,70,50,45.0,75,61,72,61,0.18,0.73,0.48,0.81
17-2112.02,Validation Engineers,0.5,0.7023809523809523,0.9047619047619048,0.2857142857142857,0.4761904761904761,0.6666666666666666,4,56,52,75,59,50,45,72,57,72,57,53,52.0,22,14.0,78,64,69,63.0,75,57,75,59,0.22,0.91,0.65,0.78
17-2112.03,Manufacturing Engineers,0.0425531914893617,0.4787234042553191,0.9148936170212766,0.2553191489361702,0.4787234042553191,0.7021276595744681,4,66,64,69,57,56,55,72,66,72,59,75,64.0,22,36.0,75,68,53,54.0,72,59,69,63,0.39,0.8,0.39,0.74
17-2121.00,Marine Engineers and Naval Architects,0.1052631578947368,0.4210526315789473,0.7368421052631579,0.2631578947368421,0.4035087719298245,0.5438596491228069,4,61,63,74,63,47,43,63,57,72,57,66,69.0,27,26.0,74,68,58,62.0,72,57,63,57,0.29,0.86,0.46,0.75
17-2131.00,Materials Engineers,0.1463414634146341,0.4878048780487805,0.8292682926829269,0.1463414634146341,0.3170731707317073,0.4878048780487805,4,56,64,72,61,50,52,53,55,75,59,69,57.0,22,25.0,75,68,75,68.0,69,59,69,63,0.32,0.78,0.3,0.79
17-2141.00,Mechanical Engineers,0.0232558139534883,0.4534883720930232,0.8837209302325582,0.1860465116279069,0.3720930232558139,0.5581395348837209,4,60,63,72,61,44,50,53,61,72,57,72,70.0,38,34.0,72,70,72,66.0,53,55,56,57,0.3,0.84,0.62,0.9
17-2141.01,Fuel Cell Engineers,0.2352941176470588,0.4803921568627451,0.7254901960784313,0.2941176470588235,0.4901960784313725,0.6862745098039216,5,60,54,69,59,56,45,63,54,66,57,56,55.0,31,,72,66,66,55.0,63,54,66,57,0.28,0.7,0.3,0.73
17-2141.02,Automotive Engineers,0.36,0.66,0.96,0.44,0.64,0.84,4,56,66,78,64,47,46,56,57,69,54,69,71.0,41,43.0,72,68,53,59.0,72,55,69,57,0.29,0.84,0.48,0.79
17-2151.00,"Mining and Geological Engineers, Including Mining Safety Engineers",0.1111111111111111,0.4814814814814814,0.8518518518518519,0.4074074074074074,0.5,0.5925925925925926,4,63,59,75,64,53,48,69,64,72,57,69,66.0,41,43.0,75,68,63,57.0,75,59,75,61,0.2,0.77,0.62,0.79
17-2161.00,Nuclear Engineers,0.25,0.55,0.8500000000000001,0.25,0.475,0.7000000000000001,4,66,59,75,68,50,46,75,57,75,63,72,61.0,19,16.0,75,68,78,63.0,72,57,72,66,0.3,0.86,0.39,0.59
17-2171.00,Petroleum Engineers,0.1666666666666666,0.5277777777777778,0.8888888888888888,0.0833333333333333,0.4305555555555555,0.7777777777777777,4,69,55,75,63,50,43,69,55,72,57,56,57.0,22,16.0,75,68,60,57.0,72,57,72,61,0.24,0.71,0.47,0.88
17-2199.03,"Energy Engineers, Except Wind and Solar",0.0975609756097561,0.5487804878048781,1.0,0.2439024390243902,0.5,0.7560975609756098,4,69,55,75,59,47,43,72,55,72,57,69,59.0,25,18.0,78,68,66,63.0,69,57,72,59,0.26,0.74,0.43,0.76
17-2199.05,Mechatronics Engineers,0.1842105263157894,0.5263157894736842,0.8684210526315789,0.0,0.3026315789473684,0.6052631578947368,4,60,55,63,59,47,48,56,54,66,54,60,55.0,31,,63,57,47,,63,54,63,54,0.21,0.78,0.32,0.85
17-2199.06,Microsystems Engineers,0.2307692307692307,0.5128205128205128,0.7948717948717948,0.3076923076923077,0.5256410256410257,0.7435897435897436,5,63,55,75,59,56,48,66,54,75,61,60,55.0,41,36.0,75,68,66,55.0,66,57,69,57,0.23,0.8,0.48,0.86
17-2199.07,Photonics Engineers,0.2,0.4777777777777778,0.7555555555555555,0.1333333333333333,0.2888888888888889,0.4444444444444445,4,66,71,75,68,50,46,50,52,69,59,66,70.0,31,39.0,72,71,63,57.0,66,57,72,68,0.32,0.85,0.35,0.78
17-2199.08,Robotics Engineers,0.4090909090909091,0.5909090909090909,0.7727272727272727,0.2272727272727273,0.4772727272727273,0.7272727272727273,4,69,64,75,66,60,54,72,55,72,57,69,66.0,53,55.0,72,70,53,54.0,56,55,69,55,0.43,0.88,0.4,0.77
17-2199.09,Nanosystems Engineers,0.2727272727272727,0.5909090909090909,0.9090909090909092,0.1818181818181818,0.4886363636363636,0.7954545454545455,5,69,71,75,64,50,52,56,59,66,55,69,73.0,35,39.0,72,75,72,68.0,75,61,72,70,0.35,0.81,0.36,0.79
17-2199.10,Wind Energy Engineers,0.1052631578947368,0.4736842105263157,0.8421052631578947,0.3157894736842105,0.5263157894736842,0.7368421052631579,4,50,54,75,64,44,41,53,57,60,54,63,64.0,28,,69,66,56,54.0,60,50,60,54,0.2,0.79,0.41,0.8
17-2199.11,Solar Energy Systems Engineers,0.08,0.46,0.8400000000000001,0.24,0.46,0.68,4,60,52,66,55,47,43,53,52,66,52,53,55.0,28,23.0,72,57,53,54.0,63,54,66,54,0.18,0.73,0.29,0.69
17-3011.00,Architectural and Civil Drafters,0.12,0.54,0.96,0.18,0.52,0.86,3,50,45,64,53,41,42,50,47,67,48,50,54.0,27,21.0,63,54,27,29.0,56,47,53,47,0.37,0.91,0.65,0.64
17-3012.00,Electrical and Electronics Drafters,0.1914893617021276,0.5744680851063829,0.9574468085106382,0.2553191489361702,0.4893617021276595,0.7234042553191489,3,49,45,58,50,36,38,47,41,66,54,44,43.0,19,14.0,66,54,22,22.0,67,46,55,48,0.44,0.89,0.73,0.7
17-3013.00,Mechanical Drafters,0.0689655172413793,0.5,0.9310344827586208,0.0689655172413793,0.4655172413793103,0.8620689655172413,3,56,52,56,46,47,41,50,45,56,50,56,55.0,31,32.0,56,55,22,25.0,53,54,50,45,0.22,0.93,0.64,0.83
17-3021.00,Aerospace Engineering and Operations Technologists and Technicians,0.1,0.325,0.55,0.0,0.225,0.45,3,50,43,72,57,47,41,53,45,66,55,50,43.0,28,23.0,69,54,53,54.0,66,45,53,45,0.2,0.99,0.59,0.67
17-3022.00,Civil Engineering Technologists and Technicians,0.1818181818181818,0.5909090909090909,1.0,0.2727272727272727,0.4772727272727273,0.6818181818181819,3,47,43,72,52,31,37,56,48,69,57,66,48.0,22,14.0,69,59,44,37.0,60,50,56,50,0.44,0.75,0.52,0.66
17-3023.00,Electrical and Electronic Engineering Technologists and Technicians,0.1886792452830188,0.4056603773584905,0.6226415094339622,0.0943396226415094,0.330188679245283,0.5660377358490566,3,53,48,67,54,42,41,55,50,60,51,55,50.0,30,,64,58,43,42.0,56,48,53,47,0.26,0.85,0.55,0.82
17-3024.00,Electro-Mechanical and Mechatronics Technologists and Technicians,0.1707317073170731,0.3536585365853659,0.5365853658536586,0.0975609756097561,0.2317073170731707,0.3658536585365853,3,47,43,69,54,47,43,72,57,53,48,47,41.0,31,29.0,56,55,44,41.0,56,45,56,48,0.3,0.88,0.76,0.57
17-3024.01,Robotics Technicians,0.3421052631578947,0.4210526315789473,0.5,0.0,0.2105263157894736,0.4210526315789473,3,53,52,72,57,50,45,53,46,69,52,50,54.0,47,39.0,72,57,44,46.0,56,46,56,45,0.6,0.9,0.46,0.79
17-3025.00,Environmental Engineering Technologists and Technicians,0.1052631578947368,0.4078947368421052,0.7105263157894737,0.2368421052631578,0.4342105263157894,0.631578947368421,4,69,55,72,57,50,43,60,54,72,57,50,54.0,28,29.0,72,57,60,54.0,60,57,53,55,0.24,0.73,0.61,0.69
17-3026.00,Industrial Engineering Technologists and Technicians,0.1111111111111111,0.4444444444444444,0.7777777777777777,0.1666666666666666,0.375,0.5833333333333333,3,50,52,72,55,44,43,60,55,72,55,53,54.0,22,23.0,75,57,47,45.0,56,54,53,54,0.3,0.82,0.67,0.79
17-3026.01,Nanotechnology Engineering Technologists and Technicians,0.2340425531914893,0.3936170212765957,0.5531914893617021,0.1702127659574468,0.3617021276595744,0.5531914893617021,4,52,47,66,52,44,46,64,51,64,52,53,53.0,31,27.0,67,55,56,54.0,60,53,58,53,0.42,0.88,0.47,0.75
17-3027.00,Mechanical Engineering Technologists and Technicians,0.1632653061224489,0.4795918367346938,0.7959183673469387,0.2244897959183673,0.4081632653061224,0.5918367346938775,3,56,46,66,54,47,45,60,48,66,52,53,48.0,25,18.0,72,59,47,43.0,63,50,63,50,0.21,0.86,0.6,0.7
17-3027.01,Automotive Engineering Technicians,0.0555555555555555,0.2777777777777778,0.5,0.1111111111111111,0.2222222222222222,0.3333333333333333,3,50,45,63,48,35,37,53,48,56,48,53,48.0,28,27.0,66,57,41,43.0,63,48,56,46,0.34,0.85,0.58,0.58
17-3029.01,Non-Destructive Testing Specialists,0.0,0.293103448275862,0.5862068965517241,0.0,0.2758620689655172,0.5517241379310345,2,66,50,66,50,53,48,63,50,63,48,50,45.0,19,16.0,66,54,44,39.0,56,45,56,45,0.33,0.86,0.66,0.65
17-3029.08,Photonics Technicians,0.1111111111111111,0.2444444444444444,0.3777777777777777,0.0888888888888888,0.2444444444444444,0.4,3,56,46,56,52,38,43,56,48,60,50,38,37.0,31,23.0,66,52,35,,53,45,53,46,0.39,0.87,0.54,0.64
17-3031.00,Surveying and Mapping Technicians,0.0851063829787234,0.5,0.9148936170212766,0.1063829787234042,0.5106382978723404,0.9148936170212766,3,53,42,63,45,45,42,50,43,55,43,61,51.0,24,23.0,63,53,27,29.0,55,44,53,49,0.4,0.9,0.71,0.72
19-1011.00,Animal Scientists,0.125,0.53125,0.9375,0.75,0.84375,0.9375,5,72,63,75,61,56,46,63,57,72,57,60,50.0,22,14.0,75,66,85,63.0,75,59,75,61,0.45,0.79,0.56,0.9
19-1012.00,Food Scientists and Technologists,0.0,0.3461538461538461,0.6923076923076923,0.2307692307692307,0.5,0.7692307692307693,4,69,55,72,61,50,43,72,55,75,57,53,45.0,16,13.0,75,61,60,48.0,72,57,75,57,0.32,0.79,0.49,0.64
19-1013.00,Soil and Plant Scientists,0.0,0.4891304347826087,0.9782608695652174,0.4347826086956521,0.6304347826086957,0.8260869565217391,5,75,64,75,63,56,55,56,59,72,59,56,55.0,28,29.0,75,71,75,70.0,75,66,72,63,0.3,0.73,0.49,0.83
19-1021.00,Biochemists and Biophysicists,0.1363636363636363,0.4545454545454546,0.7727272727272727,0.2045454545454545,0.4431818181818182,0.6818181818181819,5,78,75,81,73,75,63,72,61,78,63,72,68.0,31,39.0,85,75,94,73.0,78,66,81,73,0.41,0.94,0.63,0.84
19-1022.00,Microbiologists,0.0833333333333333,0.3958333333333333,0.7083333333333333,0.0833333333333333,0.3125,0.5416666666666666,5,72,64,75,64,66,55,69,55,75,57,50,55.0,25,30.0,78,75,88,71.0,72,57,78,68,0.36,0.97,0.71,0.65
19-1023.00,Zoologists and Wildlife Biologists,0.0952380952380952,0.4523809523809523,0.8095238095238095,0.2857142857142857,0.5238095238095237,0.7619047619047619,5,69,54,75,59,47,43,56,50,75,57,50,43.0,19,16.0,75,66,75,55.0,72,55,72,61,0.23,0.74,0.34,0.88
19-1029.01,Bioinformatics Scientists,0.4242424242424242,0.7121212121212122,1.0,0.1515151515151515,0.5454545454545454,0.9393939393939394,5,66,61,78,63,50,52,60,59,75,63,63,59.0,28,,78,70,69,,75,61,72,68,0.18,0.86,0.5,0.94
19-1029.02,Molecular and Cellular Biologists,0.1707317073170731,0.4878048780487805,0.8048780487804879,0.1951219512195122,0.4390243902439024,0.6829268292682927,5,72,66,78,70,72,64,69,63,75,66,69,63.0,28,36.0,85,80,94,71.0,75,68,81,71,0.28,0.84,0.51,0.76
19-1029.03,Geneticists,0.2093023255813953,0.5116279069767442,0.813953488372093,0.1860465116279069,0.4767441860465116,0.7674418604651163,5,75,59,75,63,72,55,69,55,75,57,72,57.0,22,16.0,81,71,78,63.0,75,59,75,70,0.24,0.91,0.54,0.81
19-1029.04,Biologists,0.2058823529411764,0.4852941176470588,0.7647058823529411,0.3235294117647059,0.3823529411764705,0.4411764705882353,5,72,66,75,64,53,52,60,54,75,59,69,61.0,44,52.0,75,71,91,71.0,75,64,75,70,0.17,0.86,0.38,0.93
19-1031.00,Conservation Scientists,0.0,0.4322033898305085,0.864406779661017,0.2711864406779661,0.5508474576271186,0.8305084745762712,4,56,54,69,57,44,46,63,54,72,57,60,54.0,22,21.0,72,59,63,55.0,69,55,69,57,0.28,0.69,0.35,0.73
19-1031.02,Range Managers,0.0,0.3709677419354839,0.7419354838709677,0.2258064516129032,0.4032258064516129,0.5806451612903225,4,56,52,69,57,44,43,66,61,75,59,47,46.0,13,9.0,72,59,47,48.0,69,57,56,57,0.31,0.61,0.46,0.85
19-1031.03,Park Naturalists,0.1818181818181818,0.5151515151515151,0.8484848484848485,0.1212121212121212,0.4848484848484848,0.8484848484848485,4,60,45,69,55,56,46,53,45,69,55,25,29.0,19,14.0,72,55,41,34.0,75,55,66,55,0.15,0.69,0.52,0.83
19-1032.00,Foresters,0.0,0.3676470588235294,0.7352941176470588,0.1764705882352941,0.3676470588235294,0.5588235294117647,4,50,52,72,61,47,43,75,63,66,55,50,52.0,10,5.0,75,57,47,48.0,75,54,63,59,0.26,0.67,0.49,0.81
19-1041.00,Epidemiologists,0.0,0.4423076923076923,0.8846153846153847,0.3461538461538461,0.5576923076923077,0.7692307692307693,5,78,66,81,68,63,52,69,59,75,64,63,57.0,16,11.0,81,71,85,75.0,78,61,75,63,0.2,0.9,0.47,0.86
19-1042.00,"Medical Scientists, Except Epidemiologists",0.1818181818181818,0.5227272727272727,0.8636363636363636,0.3636363636363636,0.5681818181818182,0.7727272727272727,5,78,71,75,68,60,55,66,59,75,61,66,59.0,25,23.0,75,75,78,71.0,78,63,81,70,0.3,0.89,0.74,0.79
19-2011.00,Astronomers,0.0625,0.4375,0.8125,0.25,0.421875,0.59375,5,75,68,78,61,63,54,60,55,75,59,75,71.0,31,30.0,81,73,81,71.0,72,70,75,71,0.21,0.91,0.3,0.93
19-2012.00,Physicists,0.5454545454545454,0.75,0.9545454545454546,0.5,0.6363636363636364,0.7727272727272727,5,75,79,78,70,72,71,56,57,75,68,81,79.0,60,55.0,81,84,91,82.0,78,68,75,71,0.14,0.7,0.27,0.88
19-2021.00,Atmospheric and Space Scientists,0.1739130434782608,0.5652173913043478,0.9565217391304348,0.3478260869565217,0.6086956521739131,0.8695652173913043,4,72,57,75,59,56,46,53,52,75,61,50,55.0,25,20.0,78,70,75,70.0,75,59,75,57,0.33,0.81,0.46,0.74
19-2031.00,Chemists,0.08,0.38,0.68,0.28,0.4,0.52,4,60,59,75,59,47,45,56,54,72,54,72,63.0,28,25.0,75,71,81,73.0,63,57,66,68,0.37,0.9,0.68,0.77
19-2032.00,Materials Scientists,0.1379310344827586,0.4827586206896551,0.8275862068965517,0.4482758620689655,0.5172413793103449,0.5862068965517241,5,72,57,78,59,53,48,60,59,75,59,60,57.0,22,14.0,78,70,78,71.0,72,61,72,61,0.29,0.81,0.38,0.8
19-2041.00,"Environmental Scientists and Specialists, Including Health",0.032258064516129,0.5,0.967741935483871,0.4838709677419355,0.7258064516129032,0.967741935483871,4,66,57,75,59,50,55,63,59,75,59,60,59.0,25,37.0,75,71,72,66.0,72,63,72,64,0.28,0.76,0.57,0.88
19-2041.01,Climate Change Policy Analysts,0.0714285714285714,0.5357142857142857,1.0,0.5714285714285714,0.75,0.9285714285714284,5,69,55,75,57,50,45,53,54,75,55,50,46.0,22,18.0,81,61,41,39.0,72,61,72,59,0.11,0.71,0.28,0.77
19-2041.02,Environmental Restoration Planners,0.0869565217391304,0.5217391304347826,0.9565217391304348,0.3478260869565217,0.6521739130434783,0.9565217391304348,5,63,57,75,59,50,46,69,55,72,59,56,48.0,31,27.0,72,61,63,55.0,72,59,72,61,0.1,0.52,0.25,0.85
19-2041.03,Industrial Ecologists,0.0588235294117647,0.5294117647058824,1.0,0.4558823529411764,0.7132352941176471,0.9705882352941176,5,66,57,72,61,50,50,53,55,75,57,60,57.0,25,29.0,78,68,66,59.0,75,57,75,66,0.15,0.77,0.39,0.85
19-2042.00,"Geoscientists, Except Hydrologists and Geographers",0.1111111111111111,0.4666666666666667,0.8222222222222223,0.2888888888888889,0.4777777777777778,0.6666666666666667,5,56,54,75,61,53,45,53,48,72,61,60,59.0,25,23.0,78,70,75,66.0,75,63,72,66,0.16,0.69,0.48,0.78
19-2043.00,Hydrologists,0.125,0.5,0.875,0.2916666666666666,0.53125,0.7708333333333333,5,66,63,75,64,50,48,63,57,72,57,69,63.0,28,37.0,72,66,72,63.0,69,59,66,59,0.21,0.8,0.43,0.76
19-2099.01,Remote Sensing Scientists and Technologists,0.0,0.4565217391304347,0.9130434782608696,0.1521739130434782,0.4456521739130434,0.7391304347826086,5,53,55,75,61,47,45,63,55,69,59,72,61.0,38,34.0,75,70,75,59.0,72,55,72,68,0.43,0.8,0.43,0.72
19-3011.00,Economists,0.0,0.5,1.0,0.3333333333333333,0.4583333333333333,0.5833333333333333,5,72,57,78,64,53,50,53,52,75,57,78,61.0,25,25.0,78,68,25,32.0,75,61,75,61,0.2,0.84,0.34,0.94
19-3011.01,Environmental Economists,0.2105263157894736,0.6052631578947368,1.0,0.5526315789473684,0.7763157894736842,1.0,5,72,57,75,61,56,54,63,54,75,61,75,68.0,22,25.0,75,68,35,37.0,63,59,78,63,0.21,0.75,0.29,0.94
19-3022.00,Survey Researchers,0.25,0.625,1.0,0.75,0.84375,0.9375,5,60,57,78,61,50,48,50,52,75,59,63,61.0,31,32.0,75,61,44,39.0,75,59,75,59,0.37,0.87,0.46,0.74
19-3032.00,Industrial-Organizational Psychologists,0.0888888888888888,0.4888888888888889,0.888888888888889,0.3555555555555555,0.5888888888888889,0.8222222222222223,5,66,59,75,61,60,57,72,59,81,66,56,57.0,44,48.0,81,68,69,54.0,78,66,75,68,0.25,0.81,0.4,0.92
19-3033.00,Clinical and Counseling Psychologists,0.0925925925925925,0.3703703703703703,0.6481481481481481,0.3333333333333333,0.5092592592592592,0.6851851851851851,5,75,58,78,58,56,54,69,57,91,68,28,27.0,6,0.0,74,68,61,50.0,86,63,75,59,0.2,0.67,0.33,0.94
19-3034.00,School Psychologists,0.0,0.3918918918918919,0.7837837837837838,0.3243243243243243,0.5810810810810811,0.8378378378378379,5,66,55,75,59,63,55,75,57,85,64,44,34.0,19,11.0,81,68,25,25.0,81,61,75,59,0.17,0.78,0.35,0.87
19-3041.00,Sociologists,0.1538461538461538,0.5384615384615385,0.9230769230769232,0.3846153846153846,0.6153846153846154,0.8461538461538463,5,72,59,72,61,69,57,66,55,75,66,38,48.0,13,11.0,78,70,60,52.0,72,64,75,68,0.15,0.68,0.36,0.96
19-3051.00,Urban and Regional Planners,0.0,0.4772727272727273,0.9545454545454546,0.2727272727272727,0.5795454545454546,0.8863636363636364,5,56,59,75,61,50,41,50,52,78,63,50,50.0,19,20.0,75,63,41,39.0,78,61,72,59,0.1,0.57,0.16,0.78
19-3091.00,Anthropologists and Archeologists,0.0517241379310344,0.4396551724137931,0.8275862068965517,0.293103448275862,0.5172413793103449,0.7413793103448276,5,74,60,75,62,58,55,53,54,77,61,50,46.0,19,19.0,80,70,72,62.0,77,65,81,71,0.06,0.77,0.42,0.81
19-3092.00,Geographers,0.1666666666666666,0.4999999999999999,0.8333333333333333,0.0833333333333333,0.375,0.6666666666666666,5,69,55,72,57,56,52,50,50,72,57,47,43.0,16,13.0,75,68,66,55.0,75,61,75,68,0.22,0.64,0.34,0.77
19-3093.00,Historians,0.1052631578947368,0.4736842105263157,0.8421052631578947,0.3157894736842105,0.5,0.6842105263157894,5,69,54,78,59,50,52,50,45,75,57,19,16.0,6,0.0,94,70,41,37.0,72,59,75,70,0.19,0.81,0.55,0.88
19-3094.00,Political Scientists,0.0416666666666666,0.4791666666666666,0.9166666666666666,0.25,0.5416666666666666,0.8333333333333333,5,69,55,75,64,56,48,50,52,75,64,44,45.0,10,9.0,78,68,47,46.0,78,64,72,63,0.09,0.76,0.34,0.98
19-3099.01,Transportation Planners,0.0930232558139534,0.5232558139534884,0.9534883720930232,0.3720930232558139,0.6627906976744186,0.9534883720930232,4,69,54,75,61,53,45,60,54,75,57,56,54.0,25,25.0,75,61,38,30.0,72,55,72,57,0.19,0.69,0.4,0.73
19-4012.00,Agricultural Technicians,0.1944444444444444,0.3194444444444444,0.4444444444444444,0.1111111111111111,0.1666666666666666,0.2222222222222222,3,50,43,56,57,44,43,53,46,56,48,53,43.0,16,11.0,63,55,50,43.0,50,45,56,52,0.3,0.89,0.75,0.7
19-4012.01,Precision Agriculture Technicians,0.0909090909090909,0.5,0.9090909090909092,0.2272727272727273,0.5,0.7727272727272727,4,63,54,72,52,44,39,56,50,72,55,56,48.0,31,23.0,72,57,50,45.0,69,48,60,48,0.37,0.7,0.42,0.7
19-4013.00,Food Science Technicians,0.2857142857142857,0.3571428571428571,0.4285714285714285,0.1071428571428571,0.2857142857142857,0.4642857142857142,3,50,46,56,52,47,41,50,45,66,48,47,45.0,13,7.0,66,57,56,46.0,63,46,63,46,0.29,0.9,0.72,0.58
19-4021.00,Biological Technicians,0.2,0.4166666666666666,0.6333333333333333,0.0666666666666666,0.2666666666666666,0.4666666666666667,4,63,55,72,57,47,39,56,54,69,54,50,52.0,22,25.0,75,66,69,52.0,56,54,60,54,0.2,0.85,0.59,0.69
19-4031.00,Chemical Technicians,0.1428571428571428,0.3928571428571428,0.6428571428571428,0.2857142857142857,0.3928571428571428,0.5,3,60,46,75,59,53,46,72,55,72,55,50,45.0,13,9.0,75,59,78,59.0,60,48,72,57,0.38,0.97,0.66,0.53
19-4042.00,"Environmental Science and Protection Technicians, Including Health",0.2444444444444444,0.4555555555555556,0.6666666666666667,0.2444444444444444,0.4222222222222222,0.6,4,53,45,72,54,50,45,56,55,75,57,53,45.0,19,16.0,72,57,66,48.0,69,54,66,55,0.24,0.83,0.38,0.61
19-4043.00,"Geological Technicians, Except Hydrologic Technicians",0.048780487804878,0.3902439024390244,0.7317073170731707,0.073170731707317,0.3048780487804878,0.5365853658536586,4,45,41,66,48,38,35,55,47,58,47,41,40.0,19,15.0,66,57,53,52.0,56,47,56,48,0.42,0.88,0.68,0.76
19-4051.00,Nuclear Technicians,0.0714285714285714,0.1428571428571428,0.2142857142857142,0.0714285714285714,0.25,0.4285714285714285,3,50,45,72,52,41,36,75,57,75,57,47,48.0,16,11.0,66,57,50,45.0,69,52,53,43,0.33,0.95,0.83,0.58
19-4051.02,Nuclear Monitoring Technicians,0.1515151515151515,0.2272727272727273,0.303030303030303,0.1515151515151515,0.3181818181818182,0.4848484848484848,3,50,45,72,57,53,46,72,57,72,55,53,45.0,13,9.0,69,57,53,45.0,63,48,53,52,0.27,0.9,0.67,0.66
19-4061.00,Social Science Research Assistants,0.4242424242424242,0.6666666666666667,0.9090909090909092,0.3939393939393939,0.6212121212121212,0.8484848484848485,4,53,52,69,55,50,45,47,45,69,59,53,55.0,41,39.0,75,68,56,48.0,60,54,69,55,0.16,0.75,0.71,0.72
19-4071.00,Forest and Conservation Technicians,0.0769230769230769,0.3269230769230769,0.576923076923077,0.1153846153846153,0.3269230769230769,0.5384615384615385,3,50,43,69,48,50,43,53,52,69,54,44,39.0,25,23.0,60,54,44,32.0,56,50,50,45,0.33,0.75,0.65,0.74
19-4092.00,Forensic Science Technicians,0.064516129032258,0.3870967741935484,0.7096774193548387,0.064516129032258,0.1935483870967742,0.3225806451612903,4,56,52,72,57,50,48,53,50,72,61,44,45.0,19,18.0,72,63,60,46.0,72,59,72,59,0.15,0.94,0.61,0.88
19-4099.01,Quality Control Analysts,0.2127659574468085,0.5212765957446809,0.8297872340425532,0.2553191489361702,0.4787234042553191,0.7021276595744681,3,53,45,56,52,44,41,69,55,60,54,50,46.0,19,11.0,69,55,44,41.0,53,52,56,48,0.24,0.96,0.77,0.81
19-4099.03,Remote Sensing Technicians,0.0967741935483871,0.5483870967741935,1.0,0.1290322580645161,0.4677419354838709,0.8064516129032258,4,50,50,69,55,44,43,60,52,60,54,63,55.0,44,46.0,63,59,41,39.0,63,52,56,54,0.3,0.91,0.74,0.62
19-5011.00,Occupational Health and Safety Specialists,0.0476190476190476,0.3333333333333333,0.6190476190476191,0.2857142857142857,0.3571428571428571,0.4285714285714285,4,60,57,72,59,56,50,66,59,72,55,60,48.0,19,18.0,72,57,47,48.0,75,59,66,55,0.21,0.8,0.33,0.79
19-5012.00,Occupational Health and Safety Technicians,0.125,0.3958333333333333,0.6666666666666666,0.25,0.4166666666666666,0.5833333333333333,3,53,46,72,55,50,45,60,54,75,55,38,39.0,22,16.0,72,55,47,41.0,72,55,63,55,0.21,0.85,0.56,0.85
21-1011.00,Substance Abuse and Behavioral Disorder Counselors,0.0888888888888888,0.2,0.3111111111111111,0.1777777777777777,0.2888888888888889,0.4,5,69,57,78,59,56,54,75,57,81,63,25,29.0,19,14.0,75,61,25,20.0,81,61,75,57,0.14,0.7,0.78,0.73
21-1012.00,"Educational, Guidance, and Career Counselors and Advisors",0.0526315789473684,0.2894736842105263,0.5263157894736842,0.2456140350877192,0.3245614035087719,0.4035087719298245,5,72,55,75,57,69,52,69,54,85,59,28,30.0,19,14.0,78,61,16,9.0,81,57,75,57,0.12,0.48,0.35,0.82
21-1013.00,Marriage and Family Therapists,0.074074074074074,0.1111111111111111,0.1481481481481481,0.1851851851851851,0.2777777777777778,0.3703703703703703,5,69,61,72,61,53,54,66,57,97,71,22,25.0,6,0.0,75,61,38,41.0,81,61,75,61,0.1,0.56,0.24,0.84
21-1014.00,Mental Health Counselors,0.0784313725490196,0.2549019607843137,0.4313725490196078,0.1176470588235294,0.2647058823529412,0.4117647058823529,5,63,59,69,64,56,55,72,57,94,70,25,30.0,16,9.0,78,66,47,50.0,81,61,75,61,0.21,0.57,0.5,0.73
21-1015.00,Rehabilitation Counselors,0.064516129032258,0.3548387096774194,0.6451612903225806,0.2580645161290322,0.4677419354838709,0.6774193548387096,4,53,46,66,55,53,54,72,59,75,59,25,29.0,13,7.0,69,57,31,29.0,75,57,66,57,0.18,0.73,0.62,0.77
21-1021.00,"Child, Family, and School Social Workers",0.0571428571428571,0.2428571428571428,0.4285714285714285,0.1714285714285714,0.3,0.4285714285714285,4,60,54,78,61,53,45,72,55,97,68,25,27.0,10,7.0,75,59,31,29.0,88,59,69,59,0.3,0.82,0.54,0.85
21-1022.00,Healthcare Social Workers,0.03125,0.34375,0.65625,0.1875,0.421875,0.65625,5,69,57,75,57,53,52,56,55,75,68,25,29.0,16,11.0,75,61,41,37.0,78,61,72,59,0.17,0.47,0.32,0.81
21-1023.00,Mental Health and Substance Abuse Social Workers,0.0,0.2708333333333333,0.5416666666666666,0.1666666666666666,0.3541666666666666,0.5416666666666666,5,56,55,75,57,69,55,75,57,78,57,25,29.0,22,14.0,75,59,41,39.0,78,57,69,57,0.19,0.67,0.58,0.81
21-1091.00,Health Education Specialists,0.2580645161290322,0.532258064516129,0.8064516129032258,0.2580645161290322,0.5,0.7419354838709677,4,72,52,69,57,75,59,56,54,78,57,28,32.0,10,7.0,69,57,38,39.0,78,61,78,57,0.14,0.7,0.64,0.79
21-1092.00,Probation Officers and Correctional Treatment Specialists,0.1578947368421052,0.3947368421052631,0.631578947368421,0.2894736842105263,0.4473684210526315,0.6052631578947368,4,60,46,72,57,31,37,69,55,75,57,22,18.0,16,11.0,72,59,19,11.0,75,57,69,55,0.42,0.84,0.75,0.75
21-1093.00,Social and Human Service Assistants,0.2142857142857142,0.3928571428571428,0.5714285714285714,0.2857142857142857,0.375,0.4642857142857142,4,56,46,66,57,47,43,66,54,75,57,25,29.0,16,13.0,69,57,19,21.0,75,59,66,55,0.31,0.77,0.6,0.77
21-1094.00,Community Health Workers,0.0833333333333333,0.3194444444444444,0.5555555555555556,0.2777777777777778,0.3472222222222222,0.4166666666666666,4,66,52,69,54,60,54,60,54,78,57,31,30.0,13,11.0,72,57,6,0.0,78,57,75,55,0.3,0.73,0.51,0.77
21-2011.00,Clergy,0.1904761904761904,0.3333333333333333,0.4761904761904761,0.1904761904761904,0.238095238095238,0.2857142857142857,5,72,59,69,59,69,61,60,59,85,64,35,36.0,13,7.0,78,68,16,13.0,91,68,78,63,0.25,0.57,0.3,0.92
21-2021.00,"Directors, Religious Activities and Education",0.1515151515151515,0.4393939393939394,0.7272727272727273,0.303030303030303,0.4545454545454546,0.6060606060606061,4,63,54,69,55,63,54,50,55,72,54,35,41.0,19,11.0,72,59,19,13.0,75,57,60,55,0.13,0.54,0.22,0.92
23-1011.00,Lawyers,0.0,0.425,0.8500000000000001,0.15,0.475,0.8,5,72,61,81,70,50,45,66,54,91,68,28,30.0,13,11.0,85,70,16,13.0,91,70,75,70,0.22,0.9,0.55,0.77
23-1012.00,Judicial Law Clerks,0.1379310344827586,0.5172413793103449,0.896551724137931,0.0,0.4482758620689655,0.896551724137931,5,69,59,81,66,50,43,50,46,81,61,22,25.0,13,9.0,88,70,0,0.0,75,61,78,63,0.21,0.96,0.63,0.72
23-1021.00,"Administrative Law Judges, Adjudicators, and Hearing Officers",0.1538461538461538,0.5,0.8461538461538463,0.0769230769230769,0.3461538461538461,0.6153846153846154,5,69,59,81,73,50,41,66,57,81,79,28,34.0,13,7.0,81,68,16,11.0,75,68,78,70,0.29,0.88,0.79,0.84
23-1022.00,"Arbitrators, Mediators, and Conciliators",0.0967741935483871,0.5,0.9032258064516128,0.0967741935483871,0.3709677419354839,0.6451612903225806,5,69,57,75,68,50,43,47,50,85,70,25,29.0,13,7.0,75,61,16,9.0,78,68,78,63,0.08,0.91,0.24,0.9
23-1023.00,"Judges, Magistrate Judges, and Magistrates",0.0,0.4166666666666666,0.8333333333333333,0.0555555555555555,0.25,0.4444444444444444,5,75,66,97,82,44,41,72,59,100,84,28,30.0,6,0.0,81,68,19,20.0,78,70,78,70,0.28,0.94,0.58,0.98
23-2011.00,Paralegals and Legal Assistants,0.2,0.525,0.8500000000000001,0.05,0.45,0.8500000000000001,3,53,46,60,50,31,30,50,43,72,57,22,23.0,13,9.0,75,57,16,11.0,69,54,69,55,0.26,0.87,0.67,0.76
23-2093.00,"Title Examiners, Abstractors, and Searchers",0.2142857142857142,0.5714285714285714,0.9285714285714284,0.25,0.5535714285714285,0.8571428571428571,2,50,45,66,52,35,30,50,43,69,52,31,32.0,6,0.0,78,55,6,0.0,66,50,60,52,0.51,1.0,0.84,0.92
25-1011.00,"Business Teachers, Postsecondary",0.1818181818181818,0.4886363636363636,0.7954545454545455,0.1818181818181818,0.4204545454545454,0.6590909090909091,5,72,63,72,63,75,68,66,57,75,59,50,46.0,22,18.0,75,71,22,20.0,81,70,75,71,0.31,0.56,0.41,0.93
25-1021.00,"Computer Science Teachers, Postsecondary",0.1666666666666666,0.5119047619047619,0.8571428571428571,0.1428571428571428,0.369047619047619,0.5952380952380952,5,72,59,72,64,72,63,69,57,72,63,53,50.0,50,45.0,75,71,44,37.0,75,70,75,70,0.14,0.72,0.34,0.91
25-1022.00,"Mathematical Science Teachers, Postsecondary",0.2972972972972973,0.5405405405405406,0.7837837837837838,0.1891891891891892,0.4324324324324324,0.6756756756756757,5,69,59,72,59,72,61,72,57,75,57,81,70.0,19,13.0,75,70,35,32.0,78,63,72,68,0.16,0.74,0.38,0.74
25-1031.00,"Architecture Teachers, Postsecondary",0.1951219512195122,0.4878048780487805,0.7804878048780488,0.2195121951219512,0.426829268292683,0.6341463414634146,5,72,64,72,63,78,63,69,59,75,63,47,54.0,22,14.0,78,71,35,37.0,78,70,75,71,0.18,0.67,0.24,0.88
25-1032.00,"Engineering Teachers, Postsecondary",0.1428571428571428,0.5,0.8571428571428571,0.2142857142857142,0.4166666666666666,0.6190476190476191,5,66,59,72,59,78,61,60,59,75,59,72,64.0,25,23.0,75,70,63,52.0,78,70,72,68,0.08,0.63,0.31,0.91
25-1041.00,"Agricultural Sciences Teachers, Postsecondary",0.2222222222222222,0.5,0.7777777777777778,0.4444444444444445,0.5888888888888889,0.7333333333333334,5,75,64,75,59,78,66,72,61,75,66,50,46.0,19,13.0,78,71,63,52.0,78,71,75,71,0.13,0.79,0.39,0.99
25-1042.00,"Biological Science Teachers, Postsecondary",0.1428571428571428,0.4693877551020408,0.7959183673469387,0.2040816326530612,0.3979591836734693,0.5918367346938775,5,75,64,72,59,78,63,72,55,75,63,53,46.0,13,7.0,75,73,75,57.0,81,68,75,68,0.09,0.81,0.32,0.93
25-1043.00,"Forestry and Conservation Science Teachers, Postsecondary",0.1956521739130434,0.4782608695652174,0.7608695652173912,0.217391304347826,0.4239130434782608,0.6304347826086957,5,75,61,72,61,78,59,72,55,75,68,50,45.0,22,16.0,78,71,56,48.0,75,68,78,70,0.1,0.68,0.29,0.9
25-1051.00,"Atmospheric, Earth, Marine, and Space Sciences Teachers, Postsecondary",0.175,0.475,0.775,0.15,0.4,0.65,5,72,61,75,61,72,61,66,59,75,66,60,57.0,22,14.0,75,73,75,59.0,94,68,75,68,0.13,0.71,0.53,0.92
25-1052.00,"Chemistry Teachers, Postsecondary",0.1764705882352941,0.4313725490196078,0.6862745098039216,0.2352941176470588,0.4019607843137255,0.5686274509803921,5,75,57,75,57,75,57,75,57,75,57,56,54.0,22,16.0,78,71,75,61.0,78,71,78,70,0.13,0.85,0.53,0.93
25-1053.00,"Environmental Science Teachers, Postsecondary",0.2608695652173913,0.5217391304347826,0.7826086956521738,0.1956521739130434,0.4239130434782608,0.6521739130434783,5,72,61,75,61,75,61,72,57,75,61,50,46.0,10,5.0,78,71,75,64.0,78,64,75,68,0.16,0.78,0.33,0.9
25-1054.00,"Physics Teachers, Postsecondary",0.1162790697674418,0.4186046511627906,0.7209302325581395,0.1627906976744186,0.3720930232558139,0.5813953488372093,5,75,63,75,70,75,63,66,57,75,66,66,57.0,22,16.0,78,71,78,66.0,78,71,75,71,0.14,0.64,0.32,0.96
25-1061.00,"Anthropology and Archeology Teachers, Postsecondary",0.2857142857142857,0.520408163265306,0.7551020408163265,0.183673469387755,0.4081632653061224,0.6326530612244897,5,75,63,72,61,81,61,72,59,78,63,35,45.0,13,7.0,81,71,72,57.0,88,70,78,71,0.15,0.83,0.44,0.89
25-1062.00,"Area, Ethnic, and Cultural Studies Teachers, Postsecondary",0.2222222222222222,0.5,0.7777777777777778,0.2444444444444444,0.4444444444444445,0.6444444444444445,5,75,57,72,59,75,57,53,55,75,61,25,30.0,19,14.0,81,70,38,39.0,78,68,75,70,0.1,0.64,0.19,0.89
25-1063.00,"Economics Teachers, Postsecondary",0.1463414634146341,0.475609756097561,0.8048780487804879,0.2195121951219512,0.4390243902439024,0.6585365853658537,5,69,59,72,59,72,57,50,52,75,59,56,54.0,22,20.0,75,63,35,41.0,78,61,75,59,0.2,0.72,0.29,0.92
25-1064.00,"Geography Teachers, Postsecondary",0.1818181818181818,0.4772727272727273,0.7727272727272727,0.25,0.4659090909090909,0.6818181818181819,5,72,59,72,57,72,55,53,55,75,57,44,43.0,25,20.0,75,68,53,50.0,78,70,78,70,0.14,0.75,0.33,0.92
25-1065.00,"Political Science Teachers, Postsecondary",0.1707317073170731,0.475609756097561,0.7804878048780488,0.1951219512195122,0.4146341463414634,0.6341463414634146,5,75,57,72,59,72,57,50,52,75,57,25,30.0,6,0.0,78,70,35,32.0,91,71,75,70,0.05,0.7,0.25,0.93
25-1066.00,"Psychology Teachers, Postsecondary",0.16,0.48,0.8,0.16,0.39,0.62,5,72,66,72,61,81,71,63,55,75,70,50,46.0,22,14.0,78,71,60,59.0,78,71,75,71,0.24,0.65,0.5,0.92
25-1067.00,"Sociology Teachers, Postsecondary",0.1363636363636363,0.4318181818181818,0.7272727272727273,0.2045454545454545,0.3977272727272727,0.5909090909090909,5,66,63,69,59,75,70,69,55,75,59,28,46.0,13,7.0,75,70,44,54.0,91,68,75,68,0.1,0.69,0.54,0.95
25-1071.00,"Health Specialties Teachers, Postsecondary",0.125,0.475,0.8250000000000001,0.175,0.3875,0.6000000000000001,5,75,57,75,59,75,59,66,55,75,66,50,43.0,10,7.0,78,71,56,50.0,78,70,75,71,0.14,0.71,0.29,0.91
25-1072.00,"Nursing Instructors and Teachers, Postsecondary",0.1568627450980392,0.4019607843137255,0.6470588235294118,0.1372549019607843,0.3725490196078431,0.6078431372549019,5,72,57,72,61,78,61,72,59,75,66,47,41.0,22,16.0,75,71,47,39.0,78,68,75,70,0.27,0.92,0.59,0.8
25-1081.00,"Education Teachers, Postsecondary",0.1666666666666666,0.4880952380952381,0.8095238095238095,0.1904761904761904,0.4404761904761904,0.6904761904761905,5,75,61,69,57,78,64,72,57,78,66,28,32.0,13,7.0,81,70,25,29.0,91,70,75,70,0.13,0.83,0.6,0.93
25-1082.00,"Library Science Teachers, Postsecondary",0.2127659574468085,0.5106382978723404,0.8085106382978723,0.2340425531914893,0.425531914893617,0.6170212765957447,5,75,63,75,59,75,63,75,59,75,66,31,32.0,19,11.0,78,71,28,30.0,78,68,75,68,0.1,0.65,0.24,0.99
25-1111.00,"Criminal Justice and Law Enforcement Teachers, Postsecondary",0.225,0.5,0.775,0.2,0.4375,0.675,5,75,57,78,59,75,57,72,57,78,68,25,29.0,10,7.0,75,70,19,21.0,94,70,75,64,0.26,0.68,0.51,0.92
25-1112.00,"Law Teachers, Postsecondary",0.125,0.45,0.775,0.425,0.5875,0.75,5,75,68,75,70,81,64,60,54,81,70,25,32.0,19,11.0,81,73,16,11.0,91,71,75,71,0.13,0.78,0.21,0.98
25-1113.00,"Social Work Teachers, Postsecondary",0.1590909090909091,0.4204545454545454,0.6818181818181819,0.2954545454545454,0.5113636363636364,0.7272727272727273,5,75,70,75,61,81,70,69,55,75,59,41,37.0,19,14.0,75,70,41,37.0,91,70,75,68,0.14,0.59,0.28,0.91
25-1121.00,"Art, Drama, and Music Teachers, Postsecondary",0.125,0.4375,0.75,0.375,0.59375,0.8125,5,75,61,66,55,78,61,69,55,75,59,25,30.0,10,5.0,75,66,19,16.0,91,68,72,59,0.06,0.62,0.35,0.85
25-1122.00,"Communications Teachers, Postsecondary",0.125,0.425,0.7250000000000001,0.325,0.5750000000000001,0.8250000000000001,5,75,61,72,59,75,64,69,55,78,59,28,39.0,16,9.0,78,68,25,27.0,78,70,75,66,0.19,0.64,0.31,0.88
25-1123.00,"English Language and Literature Teachers, Postsecondary",0.25,0.5267857142857143,0.8035714285714285,0.3571428571428571,0.5714285714285714,0.7857142857142857,5,72,57,69,57,75,71,66,57,75,61,25,27.0,10,9.0,94,71,19,13.0,78,68,81,70,0.16,0.68,0.41,0.92
25-1124.00,"Foreign Language and Literature Teachers, Postsecondary",0.2666666666666666,0.5333333333333333,0.8,0.2888888888888889,0.5666666666666667,0.8444444444444444,5,72,57,69,55,75,57,66,55,75,66,25,23.0,19,13.0,75,70,19,20.0,78,68,75,68,0.09,0.57,0.11,0.86
25-1125.00,"History Teachers, Postsecondary",0.2222222222222222,0.5111111111111112,0.8,0.3555555555555555,0.5888888888888889,0.8222222222222223,5,72,57,72,55,78,61,66,57,75,59,25,29.0,6,0.0,81,68,22,25.0,88,68,78,68,0.1,0.82,0.55,0.98
25-1126.00,"Philosophy and Religion Teachers, Postsecondary",0.25,0.5113636363636364,0.7727272727272727,0.3636363636363636,0.5909090909090909,0.8181818181818182,5,69,63,75,61,72,66,56,55,78,63,25,30.0,19,11.0,81,70,19,20.0,78,68,75,71,0.19,0.81,0.41,0.88
25-1192.00,"Family and Consumer Sciences Teachers, Postsecondary",0.2,0.5375,0.875,0.4,0.65,0.9,5,66,59,69,57,75,61,63,57,75,61,41,41.0,19,11.0,75,66,31,32.0,78,68,66,59,0.4,0.72,0.58,0.9
25-1193.00,"Recreation and Fitness Studies Teachers, Postsecondary",0.2790697674418604,0.5581395348837209,0.8372093023255813,0.3720930232558139,0.6162790697674418,0.8604651162790697,5,60,57,72,57,75,57,69,57,75,57,28,37.0,6,0.0,75,61,35,39.0,78,59,75,59,0.22,0.66,0.44,0.95
25-1194.00,"Career/Technical Education Teachers, Postsecondary",0.1282051282051282,0.4871794871794871,0.8461538461538461,0.2051282051282051,0.4487179487179487,0.6923076923076923,3,72,57,69,54,75,57,66,57,75,57,31,32.0,13,9.0,72,55,22,14.0,72,57,66,57,0.2,0.77,0.49,0.83
25-2011.00,"Preschool Teachers, Except Special Education",0.0606060606060606,0.2272727272727273,0.3939393939393939,0.1515151515151515,0.3106060606060606,0.4696969696969697,3,53,43,69,45,72,57,69,50,72,45,25,27.0,0,0.0,69,46,16,9.0,75,45,50,43,0.14,0.59,0.25,0.65
25-2012.00,"Kindergarten Teachers, Except Special Education",0.0547945205479452,0.2328767123287671,0.410958904109589,0.136986301369863,0.2945205479452054,0.4520547945205479,4,56,45,56,54,75,55,75,57,75,57,31,32.0,6,0.0,72,54,10,7.0,75,46,56,46,0.17,0.6,0.36,0.71
25-2021.00,"Elementary School Teachers, Except Special Education",0.054054054054054,0.3108108108108108,0.5675675675675675,0.1351351351351351,0.3108108108108108,0.4864864864864865,4,69,55,75,57,78,64,72,61,75,57,47,39.0,13,7.0,75,57,28,25.0,81,57,72,55,0.16,0.64,0.44,0.75
25-2022.00,"Middle School Teachers, Except Special and Career/Technical Education",0.072463768115942,0.3478260869565217,0.6231884057971014,0.2028985507246377,0.3405797101449275,0.4782608695652174,4,69,55,66,52,75,57,72,57,75,57,50,43.0,10,9.0,75,57,16,13.0,78,57,75,57,0.2,0.7,0.42,0.8
25-2023.00,"Career/Technical Education Teachers, Middle School",0.1935483870967742,0.3225806451612903,0.4516129032258064,0.1612903225806451,0.3387096774193548,0.5161290322580645,4,63,50,72,55,75,57,72,54,75,57,38,34.0,19,11.0,75,59,22,20.0,78,57,66,52,0.08,0.68,0.45,0.82
25-2031.00,"Secondary School Teachers, Except Special and Career/Technical Education",0.0317460317460317,0.3333333333333333,0.6349206349206349,0.1587301587301587,0.3412698412698413,0.5238095238095237,4,66,54,72,55,75,63,72,59,75,59,47,43.0,19,11.0,75,59,25,25.0,78,59,69,55,0.1,0.65,0.37,0.84
25-2032.00,"Career/Technical Education Teachers, Secondary School",0.1515151515151515,0.3333333333333333,0.5151515151515151,0.1212121212121212,0.3333333333333333,0.5454545454545454,4,66,54,72,55,72,57,72,57,75,59,47,45.0,19,14.0,75,59,19,13.0,75,59,72,55,0.08,0.68,0.45,0.83
25-2051.00,"Special Education Teachers, Preschool",0.1142857142857142,0.1999999999999999,0.2857142857142857,0.1714285714285714,0.3071428571428571,0.4428571428571428,5,66,54,72,55,69,57,69,57,75,59,31,30.0,19,14.0,72,59,25,21.0,78,61,69,57,0.14,0.54,0.35,0.66
25-2057.00,"Special Education Teachers, Middle School",0.0779220779220779,0.3051948051948052,0.5324675324675325,0.1298701298701298,0.3051948051948052,0.4805194805194805,4,75,55,72,55,75,59,69,55,75,57,41,39.0,13,11.0,72,57,13,7.0,78,57,69,57,0.19,0.74,0.44,0.78
25-2058.00,"Special Education Teachers, Secondary School",0.1025641025641025,0.3012820512820512,0.5,0.1538461538461538,0.2948717948717949,0.4358974358974359,4,60,55,69,57,78,68,72,57,75,57,44,41.0,19,14.0,75,57,25,23.0,75,55,75,57,0.16,0.71,0.33,0.8
25-2059.01,Adapted Physical Education Specialists,0.3,0.475,0.65,0.2,0.25,0.3,5,75,55,72,55,72,57,72,55,75,59,25,29.0,6,0.0,72,57,13,13.0,75,57,72,55,0.05,0.46,0.3,0.88
25-3011.00,"Adult Basic Education, Adult Secondary Education, and English as a Second Language Instructors",0.1764705882352941,0.4044117647058823,0.6323529411764706,0.2205882352941176,0.4264705882352941,0.6323529411764706,4,63,46,63,50,69,55,66,55,69,54,41,36.0,10,9.0,69,55,19,9.0,69,57,66,55,0.14,0.72,0.43,0.84
25-3021.00,Self-Enrichment Teachers,0.16,0.36,0.56,0.2,0.38,0.56,3,53,45,53,45,60,50,53,45,60,46,25,23.0,19,11.0,53,54,10,5.0,66,52,50,45,0.1,0.64,0.48,0.84
25-3041.00,Tutors,0.1714285714285714,0.5428571428571428,0.9142857142857144,0.1714285714285714,0.3714285714285714,0.5714285714285714,4,66,50,66,52,78,55,63,52,78,55,41,34.0,10,11.0,72,52,16,,72,52,60,52,0.13,0.61,0.3,0.78
25-4011.00,Archivists,0.0769230769230769,0.5,0.9230769230769232,0.2307692307692307,0.5,0.7692307692307693,5,56,46,60,55,47,41,50,45,72,55,25,30.0,19,13.0,75,57,25,16.0,56,55,75,57,0.24,0.8,0.68,0.78
25-4012.00,Curators,0.1481481481481481,0.5,0.8518518518518519,0.2592592592592592,0.5185185185185185,0.7777777777777777,5,63,59,69,63,56,50,60,57,72,61,47,43.0,19,14.0,75,66,25,18.0,75,59,72,66,0.1,0.77,0.38,0.92
25-4013.00,Museum Technicians and Conservators,0.0526315789473684,0.2368421052631578,0.4210526315789473,0.1052631578947368,0.2368421052631578,0.3684210526315789,4,50,45,56,48,47,43,53,46,72,55,31,36.0,13,9.0,66,59,35,32.0,66,50,56,54,0.11,0.83,0.56,0.84
25-4022.00,Librarians and Media Collections Specialists,0.1578947368421052,0.5350877192982456,0.912280701754386,0.2631578947368421,0.5,0.7368421052631579,5,56,50,63,53,55,48,55,49,70,54,27,29.0,11,0.0,66,54,11,0.0,66,52,61,53,0.27,0.71,0.47,0.83
25-4031.00,Library Technicians,0.3846153846153846,0.5673076923076923,0.75,0.2692307692307693,0.5288461538461539,0.7884615384615385,3,47,41,50,46,50,41,47,41,56,45,25,30.0,16,11.0,60,55,6,0.0,56,43,47,43,0.42,0.74,0.79,0.82
25-9021.00,Farm and Home Management Educators,0.074074074074074,0.3703703703703703,0.6666666666666666,0.3703703703703703,0.537037037037037,0.7037037037037037,5,72,64,69,59,72,61,60,57,88,59,47,52.0,19,21.0,75,64,44,41.0,78,59,72,59,0.23,0.61,0.31,0.93
25-9031.00,Instructional Coordinators,0.175,0.4875,0.8,0.275,0.525,0.775,5,72,59,72,59,81,68,75,61,75,63,44,41.0,16,9.0,75,66,13,9.0,78,63,78,64,0.05,0.57,0.42,0.78
25-9044.00,"Teaching Assistants, Postsecondary",0.3333333333333333,0.5303030303030303,0.7272727272727273,0.1818181818181818,0.3636363636363636,0.5454545454545454,5,50,45,53,48,60,50,53,46,66,57,31,29.0,19,14.0,72,61,25,23.0,63,50,56,48,0.08,0.67,0.39,0.8
27-1011.00,Art Directors,0.0689655172413793,0.5,0.9310344827586208,0.0689655172413793,0.4310344827586206,0.7931034482758621,4,60,54,69,57,50,46,56,54,75,57,35,41.0,16,13.0,69,55,10,5.0,75,57,56,57,0.28,0.87,0.8,0.86
27-1012.00,Craft Artists,0.0,0.2586206896551724,0.5172413793103449,0.0689655172413793,0.2241379310344827,0.3793103448275862,3,47,37,50,45,31,32,50,39,53,39,28,29.0,13,7.0,53,39,10,5.0,53,41,47,37,0.1,0.8,0.57,0.76
27-1013.00,"Fine Artists, Including Painters, Sculptors, and Illustrators",0.0,0.425,0.8500000000000001,0.05,0.3125,0.5750000000000001,3,56,48,56,46,35,34,44,41,53,46,28,20.0,16,9.0,50,45,0,0.0,50,41,47,39,0.15,0.78,0.41,0.85
27-1014.00,Special Effects Artists and Animators,0.05,0.525,1.0,0.05,0.475,0.9,4,53,48,69,54,47,43,50,46,72,55,28,34.0,28,23.0,69,57,3,0.0,56,50,53,43,0.26,0.86,0.45,0.67
27-1021.00,Commercial and Industrial Designers,0.0,0.4655172413793103,0.9310344827586208,0.0689655172413793,0.4137931034482758,0.7586206896551724,4,50,57,69,57,44,41,53,54,75,57,44,50.0,22,21.0,72,59,41,39.0,63,57,53,55,0.24,0.85,0.67,0.69
27-1022.00,Fashion Designers,0.0,0.390625,0.78125,0.125,0.375,0.625,3,72,48,75,52,53,45,66,54,75,55,31,32.0,10,9.0,69,54,3,0.0,72,52,63,50,0.14,0.78,0.3,0.93
27-1023.00,Floral Designers,0.0666666666666666,0.1999999999999999,0.3333333333333333,0.1,0.2666666666666666,0.4333333333333333,2,50,41,56,48,31,30,50,41,75,45,31,30.0,10,5.0,47,43,6,0.0,72,48,38,39,0.18,0.53,0.43,0.9
27-1024.00,Graphic Designers,0.0,0.5,1.0,0.0,0.4107142857142857,0.8214285714285714,4,53,45,60,52,41,39,50,45,66,48,25,30.0,16,11.0,56,54,6,0.0,60,50,50,45,0.16,0.86,0.61,0.78
27-1025.00,Interior Designers,0.0,0.5,1.0,0.1379310344827586,0.3620689655172414,0.5862068965517241,4,53,46,75,57,47,37,53,48,75,57,50,45.0,19,13.0,75,55,10,7.0,75,57,66,54,0.2,0.84,0.45,0.82
27-1026.00,Merchandise Displayers and Window Trimmers,0.0,0.3048780487804878,0.6097560975609756,0.0975609756097561,0.2682926829268293,0.4390243902439024,3,47,43,56,48,35,29,44,41,63,45,25,20.0,13,7.0,50,45,6,0.0,56,46,47,41,0.12,0.56,0.46,0.68
27-1027.00,Set and Exhibit Designers,0.0,0.3913043478260869,0.7826086956521738,0.1521739130434782,0.358695652173913,0.5652173913043478,5,53,45,69,54,47,39,53,50,72,55,50,48.0,19,13.0,72,57,19,13.0,69,52,56,45,0.18,0.74,0.33,0.8
27-2011.00,Actors,0.15625,0.1875,0.21875,0.125,0.15625,0.1875,2,41,37,50,43,44,36,50,43,69,52,0,0.0,0,0.0,72,55,13,7.0,72,57,47,48,0.09,0.79,0.4,0.47
27-2012.00,Producers and Directors,0.1702127659574468,0.4680851063829787,0.7659574468085106,0.2553191489361702,0.4787234042553191,0.7021276595744681,4,53,53,72,57,45,42,70,60,72,59,31,35.0,17,12.0,69,60,2,0.0,75,58,66,54,0.2,0.76,0.4,0.9
27-2012.03,Media Programming Directors,0.1282051282051282,0.4871794871794871,0.8461538461538461,0.4615384615384615,0.6153846153846154,0.7692307692307692,4,75,55,81,57,53,46,66,54,75,57,25,34.0,10,5.0,78,57,16,9.0,78,57,72,57,0.36,0.82,0.56,0.89
27-2012.04,Talent Directors,0.0769230769230769,0.5,0.9230769230769232,0.0769230769230769,0.3461538461538461,0.6153846153846154,4,50,45,72,57,44,37,60,52,75,57,25,27.0,16,9.0,72,57,13,7.0,75,57,56,46,0.18,0.56,0.33,0.89
27-2012.05,Media Technical Directors/Managers,0.0,0.4230769230769231,0.8461538461538463,0.0769230769230769,0.3076923076923077,0.5384615384615385,4,60,52,72,57,56,50,75,66,75,57,28,32.0,19,16.0,66,57,3,0.0,75,57,60,50,0.25,0.95,0.7,0.79
27-2021.00,Athletes and Sports Competitors,0.0,0.0,0.0,0.0,0.0,0.0,2,50,43,69,45,47,43,56,43,69,46,28,21.0,0,0.0,53,43,19,14.0,72,43,44,41,0.16,0.69,0.67,0.76
27-2022.00,Coaches and Scouts,0.0666666666666666,0.3,0.5333333333333333,0.0444444444444444,0.1444444444444444,0.2444444444444444,4,72,57,75,57,78,57,78,68,75,57,28,29.0,6,0.0,75,57,16,16.0,85,57,66,57,0.11,0.66,0.34,0.79
27-2023.00,"Umpires, Referees, and Other Sports Officials",0.2499999999999999,0.3125,0.375,0.125,0.1666666666666666,0.2083333333333333,2,50,43,60,50,50,41,53,45,56,43,38,30.0,0,0.0,50,45,10,11.0,66,45,44,36,0.11,0.74,0.41,0.47
27-2031.00,Dancers,0.0,0.0208333333333333,0.0416666666666666,0.0,0.0416666666666666,0.0833333333333333,3,44,41,50,37,38,39,47,43,56,43,10,5.0,0,0.0,44,41,0,0.0,47,43,38,36,0.21,0.75,0.68,0.55
27-2032.00,Choreographers,0.0571428571428571,0.2714285714285714,0.4857142857142857,0.1428571428571428,0.1714285714285714,0.2,4,60,46,69,50,63,48,72,52,75,55,22,14.0,6,0.0,66,46,13,7.0,75,57,53,43,0.04,0.58,0.61,0.73
27-2041.00,Music Directors and Composers,0.5263157894736842,0.7105263157894737,0.894736842105263,0.175438596491228,0.2807017543859649,0.3859649122807017,4,53,44,66,51,47,42,59,49,66,53,24,21.0,14,9.0,59,49,11,8.0,64,52,59,50,0.09,0.88,0.67,0.92
27-2042.00,Musicians and Singers,0.2448979591836734,0.4081632653061224,0.5714285714285714,0.1020408163265306,0.1326530612244897,0.1632653061224489,3,45,41,52,44,36,36,49,45,59,44,14,0.0,0,0.0,49,43,0,0.0,53,44,42,38,0.04,0.88,0.64,0.43
27-3011.00,Broadcast Announcers and Radio Disc Jockeys,0.4,0.65,0.9,0.475,0.5375,0.6000000000000001,4,56,46,69,55,28,34,56,48,75,57,22,18.0,6,0.0,75,55,0,0.0,91,63,56,57,0.45,0.87,0.56,0.85
27-3023.00,"News Analysts, Reporters, and Journalists",0.3,0.65,1.0,0.4333333333333333,0.6333333333333333,0.8333333333333334,4,63,54,70,58,34,34,61,49,78,57,20,19.0,16,11.0,78,62,2,0.0,78,66,78,63,0.26,0.89,0.51,0.83
27-3031.00,Public Relations Specialists,0.2424242424242424,0.5909090909090909,0.9393939393939394,0.6363636363636364,0.7878787878787878,0.9393939393939394,4,56,52,72,57,41,43,53,46,78,57,28,27.0,10,7.0,72,57,10,0.0,78,59,75,55,0.22,0.8,0.29,0.77
27-3041.00,Editors,0.3529411764705882,0.6470588235294118,0.9411764705882352,0.5294117647058824,0.6470588235294118,0.7647058823529411,4,53,55,72,57,47,43,50,48,72,57,28,34.0,16,11.0,97,73,0,0.0,69,57,81,71,0.19,0.86,0.76,0.8
27-3042.00,Technical Writers,0.4666666666666667,0.7,0.9333333333333332,0.3333333333333333,0.6333333333333333,0.9333333333333332,4,56,52,66,55,38,32,50,43,69,55,16,9.0,10,5.0,78,70,6,0.0,69,54,97,71,0.27,0.89,0.88,0.63
27-3043.00,Writers and Authors,0.7307692307692308,0.8653846153846154,1.0,0.6153846153846154,0.8076923076923077,1.0,4,50,45,63,52,41,37,50,45,72,52,28,27.0,10,9.0,81,59,16,16.0,66,50,81,59,0.12,0.79,0.48,0.83
27-3043.05,"Poets, Lyricists and Creative Writers",0.8888888888888888,0.8888888888888888,0.8888888888888888,0.6666666666666666,0.7407407407407407,0.8148148148148148,4,63,55,69,55,47,39,47,46,72,55,13,7.0,16,9.0,81,66,10,7.0,66,55,94,82,0.13,0.65,0.58,0.95
27-3091.00,Interpreters and Translators,0.88,0.88,0.88,0.8,0.84,0.88,4,53,43,66,55,50,45,66,54,75,61,25,18.0,3,0.0,72,57,3,0.0,78,57,69,57,0.2,0.98,0.87,0.61
27-3092.00,Court Reporters and Simultaneous Captioners,0.9166666666666666,0.9583333333333331,1.0,0.125,0.5208333333333333,0.9166666666666666,3,35,34,38,39,25,27,50,43,75,55,16,9.0,3,0.0,53,52,0,0.0,50,45,60,46,0.34,0.99,0.71,0.85
27-4011.00,Audio and Video Technicians,0.125,0.4375,0.75,0.125,0.3,0.475,3,50,43,63,54,44,43,69,48,53,46,25,29.0,25,18.0,63,52,0,0.0,53,45,53,45,0.17,0.89,0.78,0.73
27-4012.00,Broadcast Technicians,0.2857142857142857,0.5238095238095237,0.7619047619047619,0.0952380952380952,0.2142857142857142,0.3333333333333333,3,53,45,69,48,47,43,63,52,66,52,44,41.0,28,27.0,53,52,22,14.0,53,46,56,45,0.42,0.79,0.52,0.72
27-4014.00,Sound Engineering Technicians,0.074074074074074,0.4259259259259259,0.7777777777777777,0.0,0.2777777777777778,0.5555555555555556,3,53,45,56,52,44,41,53,50,69,50,28,29.0,19,14.0,60,50,10,5.0,66,45,56,45,0.31,0.83,0.54,0.77
27-4021.00,Photographers,0.0416666666666666,0.3854166666666666,0.7291666666666666,0.0208333333333333,0.21875,0.4166666666666666,3,53,45,53,46,47,41,53,45,69,52,25,25.0,16,9.0,53,45,19,21.0,69,46,47,41,0.22,0.71,0.51,0.77
27-4031.00,"Camera Operators, Television, Video, and Film",0.0606060606060606,0.4242424242424242,0.7878787878787878,0.0303030303030303,0.1818181818181818,0.3333333333333333,3,47,43,53,50,44,41,53,45,69,46,25,27.0,10,7.0,56,46,0,0.0,56,45,47,41,0.2,0.84,0.64,0.65
27-4032.00,Film and Video Editors,0.1111111111111111,0.5277777777777778,0.9444444444444444,0.1388888888888889,0.4722222222222222,0.8055555555555555,4,56,46,63,50,41,39,50,43,69,54,22,25.0,13,9.0,60,54,0,0.0,56,46,53,45,0.27,0.86,0.44,0.6
29-1011.00,Chiropractors,0.1818181818181818,0.4545454545454546,0.7272727272727273,0.0909090909090909,0.3181818181818182,0.5454545454545454,5,60,55,72,59,47,45,53,48,75,59,35,36.0,13,7.0,72,64,60,54.0,72,55,69,55,0.27,0.93,0.82,0.99
29-1021.00,"Dentists, General",0.05,0.25,0.45,0.15,0.225,0.3,5,72,64,78,63,53,54,75,57,75,57,44,43.0,16,11.0,75,71,69,54.0,75,57,56,57,0.26,0.95,0.82,0.95
29-1022.00,Oral and Maxillofacial Surgeons,0.0,0.04,0.08,0.0,0.08,0.16,5,72,64,75,68,47,48,72,55,72,57,41,39.0,13,7.0,75,75,63,55.0,72,59,63,55,0.18,0.96,0.57,0.9
29-1023.00,Orthodontists,0.0,0.3,0.6000000000000001,0.0,0.2,0.4,5,69,55,75,57,50,48,69,54,75,55,31,34.0,6,0.0,69,59,66,52.0,75,57,60,57,0.19,0.93,0.75,0.98
29-1024.00,Prosthodontists,0.0,0.0454545454545454,0.0909090909090909,0.0,0.0909090909090909,0.1818181818181818,5,50,46,72,57,47,45,63,50,75,55,28,36.0,16,9.0,63,55,50,45.0,75,55,60,48,0.32,0.99,0.78,0.93
29-1031.00,Dietitians and Nutritionists,0.1463414634146341,0.5487804878048781,0.951219512195122,0.2682926829268293,0.4634146341463415,0.6585365853658537,5,66,59,75,59,69,59,72,59,75,57,50,43.0,19,14.0,75,70,56,52.0,75,59,72,61,0.18,0.75,0.38,0.8
29-1041.00,Optometrists,0.0,0.3,0.6000000000000001,0.0,0.05,0.1,5,53,55,78,61,53,45,56,50,78,61,50,43.0,22,16.0,78,70,69,55.0,75,57,75,57,0.33,0.94,0.74,0.85
29-1051.00,Pharmacists,0.1142857142857142,0.4285714285714285,0.7428571428571429,0.2857142857142857,0.3999999999999999,0.5142857142857142,5,66,55,72,63,50,50,72,61,75,61,60,48.0,16,11.0,78,70,69,54.0,72,59,72,57,0.41,0.98,0.88,0.84
29-1071.00,Physician Assistants,0.0,0.375,0.75,0.0,0.125,0.25,5,72,59,78,66,53,48,72,57,75,59,50,43.0,22,16.0,78,68,66,55.0,75,57,75,57,0.14,0.95,0.54,0.83
29-1071.01,Anesthesiologist Assistants,0.0,0.1666666666666666,0.3333333333333333,0.0,0.0952380952380952,0.1904761904761904,5,63,52,66,54,47,46,69,55,75,55,47,41.0,10,9.0,69,61,50,41.0,66,54,53,50,0.13,0.96,0.72,0.86
29-1081.00,Podiatrists,0.0,0.2857142857142857,0.5714285714285714,0.1904761904761904,0.2857142857142857,0.3809523809523809,5,69,68,75,61,53,52,63,52,75,66,44,43.0,16,11.0,75,77,66,54.0,75,61,66,55,0.3,0.9,0.47,0.84
29-1122.00,Occupational Therapists,0.1212121212121212,0.303030303030303,0.4848484848484848,0.1212121212121212,0.3939393939393939,0.6666666666666667,5,72,55,75,57,72,55,78,57,78,57,25,29.0,19,14.0,75,57,44,39.0,75,57,75,57,0.04,0.64,0.42,0.88
29-1122.01,"Low Vision Therapists, Orientation and Mobility Specialists, and Vision Rehabilitation Therapists",0.1,0.275,0.45,0.2,0.2875,0.375,5,69,55,63,55,75,55,69,57,75,57,28,27.0,10,7.0,72,57,25,20.0,75,57,69,57,0.08,0.58,0.26,0.93
29-1123.00,Physical Therapists,0.0851063829787234,0.1914893617021276,0.2978723404255319,0.1276595744680851,0.3404255319148936,0.5531914893617021,5,53,46,75,55,53,45,72,55,75,59,28,37.0,16,13.0,75,63,41,39.0,75,59,72,57,0.08,0.67,0.69,0.85
29-1124.00,Radiation Therapists,0.048780487804878,0.2804878048780488,0.5121951219512195,0.024390243902439,0.1707317073170731,0.3170731707317073,3,50,43,63,54,47,43,56,48,69,55,44,41.0,19,16.0,69,55,44,43.0,56,50,53,46,0.48,0.97,0.92,0.71
29-1125.00,Recreational Therapists,0.0909090909090909,0.3181818181818182,0.5454545454545454,0.0909090909090909,0.3636363636363636,0.6363636363636364,4,60,48,69,57,60,48,60,52,75,57,25,29.0,13,11.0,69,55,35,29.0,75,55,66,55,0.15,0.53,0.34,0.9
29-1126.00,Respiratory Therapists,0.0952380952380952,0.2023809523809523,0.3095238095238095,0.0952380952380952,0.1904761904761904,0.2857142857142857,3,66,52,72,57,53,43,72,55,72,55,44,41.0,13,7.0,66,57,50,50.0,69,57,53,50,0.35,0.91,0.66,0.74
29-1127.00,Speech-Language Pathologists,0.1707317073170731,0.4512195121951219,0.7317073170731707,0.0975609756097561,0.3902439024390244,0.6829268292682927,5,66,57,72,57,72,57,69,59,78,61,28,37.0,19,13.0,72,64,47,43.0,72,59,69,61,0.17,0.71,0.31,0.86
29-1128.00,Exercise Physiologists,0.04,0.26,0.48,0.28,0.34,0.4,4,56,55,75,57,56,54,69,57,75,57,47,43.0,22,16.0,75,64,47,43.0,75,59,72,57,0.16,0.72,0.49,0.81
29-1129.01,Art Therapists,0.0425531914893617,0.2978723404255319,0.5531914893617021,0.0851063829787234,0.3191489361702128,0.5531914893617021,5,69,55,72,57,53,55,72,57,75,57,28,30.0,22,13.0,72,57,25,25.0,75,59,66,57,0.08,0.52,0.35,0.86
29-1129.02,Music Therapists,0.1333333333333333,0.4333333333333333,0.7333333333333333,0.1666666666666666,0.5,0.8333333333333334,4,56,54,75,57,69,54,69,57,78,57,25,23.0,10,5.0,75,57,19,13.0,75,55,56,54,0.05,0.45,0.41,0.85
29-1131.00,Veterinarians,0.081081081081081,0.2702702702702703,0.4594594594594595,0.027027027027027,0.2297297297297297,0.4324324324324324,5,75,63,72,61,50,43,56,54,78,61,53,45.0,6,0.0,78,70,72,59.0,72,61,63,59,0.2,0.89,0.54,0.82
29-1141.00,Registered Nurses,0.0476190476190476,0.3333333333333333,0.6190476190476191,0.1904761904761904,0.3809523809523809,0.5714285714285714,4,63,59,75,59,56,52,69,57,75,61,47,45.0,16,9.0,72,61,47,41.0,75,61,69,55,0.35,0.86,0.74,0.75
29-1141.01,Acute Care Nurses,0.0408163265306122,0.3061224489795918,0.5714285714285714,0.1224489795918367,0.3265306122448979,0.5306122448979591,3,69,55,75,57,53,52,75,59,75,55,44,41.0,16,11.0,75,64,50,45.0,75,57,63,52,0.37,0.96,0.64,0.83
29-1141.02,Advanced Practice Psychiatric Nurses,0.0888888888888888,0.4666666666666667,0.8444444444444444,0.3111111111111111,0.4444444444444445,0.5777777777777778,5,72,57,75,57,69,52,69,55,81,61,38,36.0,13,7.0,75,61,44,39.0,75,57,72,57,0.13,0.82,0.55,0.85
29-1141.03,Critical Care Nurses,0.1034482758620689,0.3448275862068966,0.5862068965517241,0.0344827586206896,0.1896551724137931,0.3448275862068966,4,72,57,75,59,50,52,78,57,75,57,47,41.0,19,13.0,75,57,50,45.0,75,57,60,57,0.2,0.96,0.63,0.75
29-1141.04,Clinical Nurse Specialists,0.0666666666666666,0.45,0.8333333333333334,0.1333333333333333,0.3333333333333333,0.5333333333333333,5,75,63,78,61,63,55,72,59,78,61,47,45.0,6,0.0,78,63,56,54.0,75,61,72,59,0.22,0.83,0.4,0.88
29-1151.00,Nurse Anesthetists,0.0,0.1666666666666666,0.3333333333333333,0.0,0.125,0.25,5,75,57,78,57,60,50,75,57,75,57,56,46.0,6,0.0,78,61,72,55.0,75,57,60,50,0.31,0.95,0.79,0.86
29-1161.00,Nurse Midwives,0.1951219512195122,0.3902439024390244,0.5853658536585367,0.0975609756097561,0.2926829268292683,0.4878048780487805,5,75,59,78,63,56,48,75,59,78,59,41,37.0,16,9.0,75,59,47,46.0,78,59,72,57,0.16,0.87,0.52,0.78
29-1171.00,Nurse Practitioners,0.037037037037037,0.4814814814814814,0.9259259259259258,0.074074074074074,0.3148148148148147,0.5555555555555556,5,75,59,78,59,63,55,75,59,78,70,50,45.0,10,7.0,78,70,69,55.0,75,57,75,57,0.26,0.89,0.62,0.83
29-1181.00,Audiologists,0.1363636363636363,0.4545454545454546,0.7727272727272727,0.2272727272727273,0.4545454545454546,0.6818181818181819,5,75,63,75,61,60,55,69,59,78,64,47,43.0,19,14.0,78,71,50,46.0,75,63,75,61,0.29,0.91,0.35,0.8
29-1211.00,Anesthesiologists,0.0,0.25,0.5,0.0588235294117647,0.2941176470588235,0.5294117647058824,5,66,59,88,63,56,48,78,63,78,61,50,48.0,3,0.0,75,70,75,55.0,72,57,75,57,0.34,0.96,0.7,0.86
29-1213.00,Dermatologists,0.0,0.3823529411764705,0.7647058823529411,0.1764705882352941,0.3235294117647059,0.4705882352941176,5,69,55,78,61,53,46,63,55,75,59,31,36.0,22,16.0,72,70,66,54.0,72,57,63,57,0.17,0.93,0.37,0.94
29-1215.00,Family Medicine Physicians,0.0,0.4375,0.875,0.2083333333333333,0.375,0.5416666666666666,5,75,57,85,64,56,46,75,57,81,70,44,41.0,6,0.0,81,71,72,57.0,78,63,78,59,0.33,0.94,0.44,0.87
29-1216.00,General Internal Medicine Physicians,0.0,0.4571428571428571,0.9142857142857144,0.2857142857142857,0.3714285714285714,0.4571428571428571,5,72,57,75,68,53,52,72,57,78,61,47,41.0,19,13.0,78,71,75,57.0,75,59,75,59,0.31,0.86,0.66,0.86
29-1217.00,Neurologists,0.0434782608695652,0.4565217391304347,0.8695652173913043,0.1304347826086956,0.3695652173913043,0.6086956521739131,5,69,66,78,70,60,61,75,66,81,64,47,46.0,19,13.0,78,79,69,59.0,78,63,75,63,0.18,1.0,0.53,0.96
29-1218.00,Obstetricians and Gynecologists,0.0,0.3928571428571428,0.7857142857142857,0.1785714285714285,0.3035714285714285,0.4285714285714285,5,75,59,85,64,60,54,72,57,78,68,38,41.0,6,0.0,78,75,75,64.0,78,57,75,59,0.18,0.98,0.47,0.92
29-1221.00,"Pediatricians, General",0.0,0.4833333333333333,0.9666666666666668,0.2333333333333333,0.3666666666666667,0.5,5,75,59,81,64,56,46,75,57,78,63,35,41.0,10,7.0,78,71,75,59.0,81,59,75,57,0.14,0.92,0.42,0.89
29-1222.00,"Physicians, Pathologists",0.0606060606060606,0.4696969696969697,0.8787878787878788,0.0606060606060606,0.3181818181818182,0.5757575757575758,5,75,68,78,66,53,54,63,57,75,63,50,45.0,22,25.0,81,80,75,57.0,72,66,78,71,0.31,0.97,0.78,0.84
29-1223.00,Psychiatrists,0.0869565217391304,0.4782608695652174,0.8695652173913043,0.2608695652173913,0.5217391304347826,0.7826086956521738,5,75,63,81,66,69,57,75,59,91,71,38,34.0,13,9.0,78,71,72,59.0,81,63,78,63,0.16,0.73,0.35,0.85
29-1224.00,Radiologists,0.0,0.4888888888888889,0.977777777777778,0.3111111111111111,0.5111111111111112,0.7111111111111111,5,66,57,78,64,60,54,72,59,78,59,44,41.0,16,14.0,78,71,63,50.0,75,57,81,63,0.36,1.0,0.8,0.76
29-1229.01,Allergists and Immunologists,0.1666666666666666,0.45,0.7333333333333333,0.1333333333333333,0.3666666666666667,0.6,5,75,66,81,61,63,52,81,61,85,63,47,43.0,10,,88,66,66,,85,59,78,59,0.29,0.96,0.63,0.88
29-1229.02,Hospitalists,0.2142857142857142,0.5714285714285714,0.9285714285714284,0.0714285714285714,0.3571428571428571,0.6428571428571428,5,78,70,78,68,56,57,75,63,78,66,50,43.0,13,7.0,78,73,60,50.0,78,63,72,63,0.18,0.89,0.48,0.79
29-1229.03,Urologists,0.0714285714285714,0.3571428571428571,0.6428571428571428,0.1428571428571428,0.25,0.3571428571428571,5,63,55,78,59,50,48,69,57,81,64,38,36.0,13,14.0,81,70,72,57.0,69,57,81,59,0.31,0.99,0.54,0.95
29-1229.04,Physical Medicine and Rehabilitation Physicians,0.0666666666666666,0.2666666666666666,0.4666666666666667,0.0,0.1333333333333333,0.2666666666666666,5,66,61,78,66,53,57,69,63,75,64,47,48.0,19,13.0,75,71,56,57.0,75,61,69,57,0.17,0.95,0.53,0.96
29-1229.05,Preventive Medicine Physicians,0.0,0.4666666666666667,0.9333333333333332,0.0666666666666666,0.3666666666666666,0.6666666666666666,5,78,70,81,71,69,64,72,64,78,64,53,48.0,22,13.0,85,79,72,66.0,75,66,75,68,0.16,0.78,0.26,0.89
29-1229.06,Sports Medicine Physicians,0.0754716981132075,0.3867924528301886,0.6981132075471698,0.2830188679245283,0.4339622641509433,0.5849056603773585,5,72,63,81,64,66,55,78,55,85,59,38,41.0,22,18.0,88,66,56,,75,61,69,55,0.11,1.0,0.53,0.94
29-1241.00,"Ophthalmologists, Except Pediatric",0.0588235294117647,0.4264705882352941,0.7941176470588235,0.1176470588235294,0.3382352941176471,0.5588235294117647,5,66,63,85,70,56,55,69,61,81,64,47,50.0,16,13.0,78,79,69,59.0,78,63,69,61,0.18,0.98,0.59,0.91
29-1291.00,Acupuncturists,0.1666666666666666,0.1666666666666666,0.1666666666666666,0.1666666666666666,0.3055555555555555,0.4444444444444444,5,53,46,69,55,41,41,56,50,72,57,25,29.0,6,0.0,60,57,38,30.0,63,55,53,50,0.14,0.79,0.7,0.84
29-1292.00,Dental Hygienists,0.0625,0.1875,0.3125,0.0,0.09375,0.1875,3,50,43,63,45,44,43,53,43,69,57,25,23.0,10,7.0,50,48,35,34.0,63,43,53,45,0.18,0.85,0.83,0.78
29-1299.01,Naturopathic Physicians,0.2051282051282051,0.4615384615384615,0.717948717948718,0.1025641025641025,0.2564102564102564,0.4102564102564102,5,69,55,78,59,60,54,60,57,78,64,44,37.0,16,11.0,81,71,53,45.0,78,59,75,57,0.16,0.85,0.41,0.87
29-1299.02,Orthoptists,0.1875,0.53125,0.875,0.1875,0.375,0.5625,5,56,55,75,57,56,55,53,54,75,59,44,43.0,19,11.0,66,66,66,54.0,72,57,63,57,0.12,0.89,0.59,0.75
29-2011.00,Medical and Clinical Laboratory Technologists,0.0714285714285714,0.2321428571428571,0.3928571428571428,0.1428571428571428,0.2321428571428571,0.3214285714285714,4,56,55,69,57,47,43,56,55,69,57,50,43.0,25,27.0,69,59,66,61.0,56,54,53,52,0.67,1.0,0.85,0.81
29-2011.01,Cytogenetic Technologists,0.2068965517241379,0.4224137931034483,0.6379310344827586,0.2413793103448275,0.3362068965517241,0.4310344827586206,4,56,48,72,57,47,43,53,48,66,57,50,43.0,10,7.0,72,64,56,54.0,66,57,69,57,0.43,0.98,0.93,0.62
29-2011.02,Cytotechnologists,0.16,0.42,0.68,0.0,0.16,0.32,5,50,50,69,55,44,43,50,43,69,55,41,39.0,25,14.0,72,55,47,41.0,53,48,50,48,0.38,0.92,0.88,0.64
29-2012.00,Medical and Clinical Laboratory Technicians,0.0,0.2142857142857142,0.4285714285714285,0.0,0.0952380952380952,0.1904761904761904,3,50,45,60,48,47,45,53,45,72,45,44,36.0,22,14.0,63,48,56,48.0,60,45,53,43,0.53,0.97,0.83,0.73
29-2031.00,Cardiovascular Technologists and Technicians,0.0857142857142857,0.3571428571428571,0.6285714285714286,0.1142857142857142,0.1714285714285714,0.2285714285714285,3,53,48,69,54,47,43,69,54,72,55,41,36.0,16,9.0,66,59,50,41.0,69,52,53,50,0.27,0.92,0.78,0.77
29-2032.00,Diagnostic Medical Sonographers,0.1052631578947368,0.3026315789473684,0.5,0.131578947368421,0.2894736842105263,0.4473684210526315,3,60,45,63,50,50,43,63,46,72,57,28,32.0,6,0.0,69,55,56,41.0,69,52,56,48,0.26,0.97,0.92,0.7
29-2033.00,Nuclear Medicine Technologists,0.064516129032258,0.2903225806451612,0.5161290322580645,0.1612903225806451,0.2580645161290322,0.3548387096774194,3,53,45,72,52,44,43,63,50,69,54,53,43.0,16,13.0,63,57,56,50.0,69,54,63,48,0.37,0.92,0.62,0.83
29-2034.00,Radiologic Technologists and Technicians,0.0,0.3771929824561403,0.7543859649122806,0.1052631578947368,0.2807017543859649,0.4561403508771929,3,52,44,60,48,42,40,56,46,70,54,28,32.0,16,9.0,66,55,34,31.0,70,54,56,46,0.41,0.9,0.66,0.74
29-2035.00,Magnetic Resonance Imaging Technologists,0.0444444444444444,0.3222222222222222,0.6,0.1333333333333333,0.2222222222222222,0.3111111111111111,3,50,43,56,52,47,43,66,55,72,55,38,37.0,19,13.0,72,55,41,32.0,66,54,53,46,0.41,0.92,0.78,0.67
29-2051.00,Dietetic Technicians,0.1739130434782608,0.5434782608695652,0.9130434782608696,0.0434782608695652,0.4130434782608695,0.7826086956521738,3,53,45,53,45,53,45,53,55,56,45,47,43.0,13,7.0,53,46,25,25.0,60,46,53,45,0.44,0.86,0.59,0.8
29-2052.00,Pharmacy Technicians,0.2941176470588235,0.4264705882352941,0.5588235294117647,0.2352941176470588,0.4264705882352941,0.6176470588235294,3,53,45,56,52,47,41,53,45,75,55,50,43.0,13,7.0,69,52,22,21.0,69,46,50,43,0.36,1.0,0.85,0.63
29-2053.00,Psychiatric Technicians,0.0,0.12,0.24,0.16,0.34,0.52,3,50,46,66,55,53,50,72,55,72,55,25,27.0,13,7.0,69,57,22,21.0,75,57,56,45,0.28,0.84,0.71,0.71
29-2055.00,Surgical Technologists,0.0333333333333333,0.0666666666666666,0.1,0.0,0.0166666666666666,0.0333333333333333,3,50,43,53,45,50,45,69,50,60,55,41,39.0,3,0.0,50,54,31,30.0,53,43,47,43,0.22,0.97,0.75,0.78
29-2056.00,Veterinary Technologists and Technicians,0.0655737704918032,0.1639344262295082,0.2622950819672131,0.0655737704918032,0.1475409836065573,0.2295081967213114,3,53,43,69,57,50,43,56,50,69,55,44,37.0,19,11.0,66,54,47,41.0,66,54,56,43,0.25,0.84,0.6,0.71
29-2057.00,Ophthalmic Medical Technicians,0.0526315789473684,0.3289473684210526,0.6052631578947368,0.0263157894736842,0.1052631578947368,0.1842105263157894,3,50,45,50,45,41,37,50,43,66,54,38,36.0,13,7.0,53,52,25,27.0,56,52,53,43,0.43,0.93,0.66,0.65
29-2061.00,Licensed Practical and Licensed Vocational Nurses,0.0789473684210526,0.25,0.4210526315789473,0.0526315789473684,0.25,0.4473684210526315,3,60,46,69,57,53,45,72,57,72,57,47,41.0,6,0.0,69,59,41,37.0,72,57,56,45,0.3,0.93,0.73,0.74
29-2081.00,"Opticians, Dispensing",0.0952380952380952,0.2857142857142857,0.4761904761904761,0.1428571428571428,0.238095238095238,0.3333333333333333,3,50,41,60,52,47,41,50,43,69,52,47,39.0,10,5.0,66,54,19,14.0,75,54,56,45,0.3,0.94,0.52,0.72
29-2091.00,Orthotists and Prosthetists,0.1724137931034483,0.2758620689655172,0.3793103448275862,0.0,0.1896551724137931,0.3793103448275862,5,69,61,75,59,50,50,56,52,75,61,50,45.0,16,11.0,78,63,44,46.0,75,59,75,59,0.16,0.79,0.51,0.78
29-2092.00,Hearing Aid Specialists,0.0,0.2,0.4,0.0,0.05,0.1,3,53,45,53,52,50,43,53,43,72,55,28,37.0,13,9.0,56,48,19,13.0,60,52,53,43,0.25,0.8,0.51,0.82
29-2099.01,Neurodiagnostic Technologists,0.0625,0.34375,0.625,0.125,0.1875,0.25,3,50,48,72,55,50,46,66,52,69,57,35,32.0,22,16.0,63,57,44,39.0,69,52,56,50,0.29,0.91,0.69,0.71
29-2099.05,Ophthalmic Medical Technologists,0.0333333333333333,0.3666666666666666,0.7,0.0,0.0666666666666666,0.1333333333333333,3,50,43,56,52,50,43,50,45,72,57,41,37.0,16,13.0,53,55,31,39.0,72,57,53,50,0.38,0.83,0.55,0.64
29-2099.08,Patient Representatives,0.0952380952380952,0.5238095238095237,0.9523809523809524,0.3333333333333333,0.5714285714285714,0.8095238095238095,3,56,50,66,54,44,43,53,43,78,57,25,29.0,19,13.0,72,55,22,18.0,72,57,56,54,0.43,0.89,0.88,0.62
29-9091.00,Athletic Trainers,0.0930232558139534,0.2790697674418604,0.4651162790697674,0.3255813953488372,0.4069767441860465,0.4883720930232558,5,69,57,72,59,53,55,72,59,75,57,28,30.0,6,0.0,69,55,35,27.0,72,57,63,55,0.29,0.83,0.66,0.76
29-9092.00,Genetic Counselors,0.1052631578947368,0.5,0.894736842105263,0.3684210526315789,0.631578947368421,0.894736842105263,5,72,55,72,59,50,46,50,43,75,57,44,39.0,10,7.0,78,68,56,45.0,72,55,72,61,0.14,0.86,0.39,0.74
29-9093.00,Surgical Assistants,0.0,0.0392156862745098,0.0784313725490196,0.0,0.0392156862745098,0.0784313725490196,3,50,45,66,50,53,45,66,50,75,55,38,37.0,13,13.0,66,57,41,37.0,69,55,53,48,0.25,0.9,0.67,0.78
29-9099.01,Midwives,0.1571428571428571,0.3785714285714285,0.6,0.1,0.25,0.3999999999999999,5,60,52,75,57,56,48,75,66,69,63,31,36.0,16,11.0,66,61,47,41.0,69,57,53,52,0.06,0.85,0.44,0.78
31-1121.00,Home Health Aides,0.0769230769230769,0.0769230769230769,0.0769230769230769,0.0,0.0384615384615384,0.0769230769230769,2,50,43,60,46,50,43,56,45,69,52,31,29.0,0,0.0,56,46,16,13.0,53,43,53,41,0.2,0.83,0.45,0.66
31-1122.00,Personal Care Aides,0.1666666666666666,0.2222222222222222,0.2777777777777778,0.2222222222222222,0.3333333333333333,0.4444444444444444,2,44,39,50,43,44,37,53,45,63,41,22,23.0,0,0.0,47,39,19,11.0,56,41,47,39,0.16,0.8,0.55,0.76
31-1131.00,Nursing Assistants,0.0508474576271186,0.1016949152542373,0.1525423728813559,0.0338983050847457,0.135593220338983,0.2372881355932203,3,47,39,53,45,35,30,56,43,66,43,28,27.0,0,0.0,53,43,19,13.0,53,43,44,39,0.19,0.89,0.62,0.66
31-1132.00,Orderlies,0.0,0.0,0.0,0.0,0.046875,0.09375,2,28,27,44,30,28,29,41,29,53,36,19,13.0,0,0.0,38,29,6,0.0,50,30,41,32,0.42,0.88,0.78,0.7
31-1133.00,Psychiatric Aides,0.125,0.125,0.125,0.0,0.125,0.25,2,53,43,53,46,50,45,69,52,66,48,25,25.0,0,0.0,50,45,16,11.0,69,43,50,43,0.18,0.7,0.67,0.67
31-2011.00,Occupational Therapy Assistants,0.1860465116279069,0.2674418604651162,0.3488372093023256,0.1395348837209302,0.2325581395348837,0.3255813953488372,3,53,43,56,46,47,45,60,48,72,55,35,32.0,6,0.0,66,52,22,23.0,69,48,66,52,0.2,0.71,0.69,0.73
31-2012.00,Occupational Therapy Aides,0.2222222222222222,0.2407407407407407,0.2592592592592592,0.0,0.074074074074074,0.1481481481481481,3,50,43,56,48,50,43,56,45,63,52,25,25.0,3,0.0,53,48,16,11.0,66,50,53,43,0.12,0.71,0.53,0.66
31-2021.00,Physical Therapist Assistants,0.1025641025641025,0.1538461538461538,0.2051282051282051,0.0,0.1025641025641025,0.2051282051282051,3,56,45,56,55,47,45,69,55,75,57,31,29.0,19,14.0,56,55,35,30.0,69,55,56,45,0.11,0.59,0.55,0.87
31-2022.00,Physical Therapist Aides,0.1212121212121212,0.1818181818181818,0.2424242424242424,0.0606060606060606,0.1515151515151515,0.2424242424242424,2,47,39,50,41,35,39,53,46,66,45,25,27.0,6,0.0,50,43,25,25.0,53,43,47,39,0.3,0.73,0.48,0.72
31-9011.00,Massage Therapists,0.074074074074074,0.074074074074074,0.074074074074074,0.074074074074074,0.1851851851851851,0.2962962962962963,3,50,43,50,46,44,41,50,43,66,46,25,21.0,0,0.0,50,45,19,14.0,66,52,50,41,0.08,0.51,0.56,0.9
31-9091.00,Dental Assistants,0.1333333333333333,0.2666666666666666,0.4,0.0,0.1,0.2,3,53,45,50,45,38,36,53,43,72,48,28,29.0,10,5.0,56,46,25,25.0,60,45,50,43,0.23,0.84,0.73,0.61
31-9092.00,Medical Assistants,0.1794871794871795,0.358974358974359,0.5384615384615384,0.0512820512820512,0.141025641025641,0.2307692307692307,3,56,48,66,52,53,45,63,50,72,55,41,37.0,13,9.0,69,57,41,32.0,72,57,60,46,0.27,0.85,0.76,0.67
31-9093.00,Medical Equipment Preparers,0.074074074074074,0.1111111111111111,0.1481481481481481,0.0,0.037037037037037,0.074074074074074,2,50,43,63,41,44,37,60,43,56,43,31,32.0,16,11.0,53,41,22,14.0,53,39,47,39,0.26,0.9,0.86,0.7
31-9094.00,Medical Transcriptionists,0.8214285714285714,0.875,0.9285714285714284,0.1428571428571428,0.2321428571428571,0.3214285714285714,3,47,41,50,45,28,30,53,41,78,59,19,14.0,10,7.0,75,57,13,9.0,50,45,72,52,0.43,0.95,0.87,0.81
31-9095.00,Pharmacy Aides,0.24,0.38,0.52,0.08,0.14,0.2,2,47,36,50,41,38,32,44,37,63,43,38,34.0,13,7.0,56,46,13,7.0,60,41,44,36,0.47,0.87,0.7,0.74
31-9096.00,Veterinary Assistants and Laboratory Animal Caretakers,0.1111111111111111,0.2222222222222222,0.3333333333333333,0.1481481481481481,0.1481481481481481,0.1481481481481481,2,47,43,56,45,28,30,53,45,63,46,44,37.0,6,0.0,53,45,41,34.0,50,43,53,46,0.17,0.93,0.75,0.63
31-9097.00,Phlebotomists,0.1463414634146341,0.1829268292682926,0.2195121951219512,0.048780487804878,0.1097560975609756,0.1707317073170731,3,50,43,56,46,47,43,53,43,60,50,28,30.0,16,9.0,53,46,35,30.0,60,54,53,43,0.33,0.95,0.81,0.68
31-9099.01,Speech-Language Pathology Assistants,0.3157894736842105,0.6052631578947368,0.894736842105263,0.1052631578947368,0.2105263157894736,0.3157894736842105,3,50,39,60,50,53,45,60,50,81,57,31,34.0,10,5.0,66,54,19,20.0,63,54,53,48,0.11,0.69,0.33,0.67
31-9099.02,Endoscopy Technicians,0.0833333333333333,0.125,0.1666666666666666,0.0,0.0,0.0,3,53,43,63,46,38,34,53,45,60,48,25,30.0,10,5.0,66,57,19,13.0,60,45,56,43,0.4,0.9,0.75,0.67
33-1011.00,First-Line Supervisors of Correctional Officers,0.217391304347826,0.2826086956521739,0.3478260869565217,0.217391304347826,0.2826086956521739,0.3478260869565217,3,56,46,75,57,53,45,75,61,75,57,28,29.0,13,7.0,69,57,13,7.0,72,57,63,52,0.22,0.71,0.66,0.73
33-1012.00,First-Line Supervisors of Police and Detectives,0.1052631578947368,0.3289473684210526,0.5526315789473684,0.1578947368421052,0.3552631578947368,0.5526315789473684,3,72,55,75,59,69,55,75,63,78,59,38,37.0,19,14.0,72,57,19,16.0,75,57,66,55,0.28,0.84,0.7,0.86
33-1021.00,First-Line Supervisors of Firefighting and Prevention Workers,0.2264150943396226,0.4150943396226415,0.6037735849056604,0.320754716981132,0.4056603773584905,0.490566037735849,3,69,55,75,59,60,52,75,63,72,56,44,46.0,14,8.0,64,56,36,32.0,74,57,61,54,0.18,0.73,0.5,0.8
33-2011.00,Firefighters,0.1052631578947368,0.1403508771929824,0.175438596491228,0.0701754385964912,0.087719298245614,0.1052631578947368,3,53,43,67,54,53,43,70,53,70,50,33,32.0,6,0.0,58,50,28,23.0,64,46,49,42,0.26,0.79,0.58,0.78
33-2021.00,Fire Inspectors and Investigators,0.1346153846153846,0.2884615384615385,0.4423076923076923,0.25,0.3846153846153846,0.5192307692307693,3,55,52,74,58,49,43,56,49,75,58,42,40.0,17,13.0,63,58,50,46.0,72,56,64,54,0.24,0.89,0.58,0.9
33-2022.00,Forest Fire Inspectors and Prevention Specialists,0.125,0.21875,0.3125,0.25,0.375,0.5,3,50,46,75,55,53,45,60,48,66,46,28,34.0,16,9.0,53,48,22,25.0,69,48,53,43,0.32,0.76,0.64,0.79
33-3011.00,Bailiffs,0.0357142857142857,0.0357142857142857,0.0357142857142857,0.0714285714285714,0.1607142857142857,0.25,3,44,30,50,45,28,29,60,46,56,45,13,11.0,3,0.0,47,41,0,0.0,60,43,31,32,0.16,0.77,0.51,0.58
33-3012.00,Correctional Officers and Jailers,0.2272727272727273,0.2613636363636363,0.2954545454545454,0.1136363636363636,0.2386363636363636,0.3636363636363636,2,50,43,66,52,50,43,72,55,72,48,25,29.0,13,7.0,63,54,16,9.0,75,52,53,45,0.25,0.85,0.81,0.67
33-3021.00,Detectives and Criminal Investigators,0.1,0.3166666666666666,0.5333333333333333,0.0666666666666666,0.3,0.5333333333333333,3,61,53,78,59,49,43,56,46,78,58,35,31.0,17,12.0,74,56,36,33.0,77,57,69,54,0.31,0.84,0.57,0.87
33-3021.02,Police Identification and Records Officers,0.0769230769230769,0.3461538461538461,0.6153846153846154,0.0769230769230769,0.3461538461538461,0.6153846153846154,3,53,46,72,57,44,41,53,46,72,55,28,34.0,13,9.0,66,59,19,14.0,69,55,60,46,0.35,0.97,0.8,0.92
33-3021.06,Intelligence Analysts,0.088235294117647,0.5294117647058824,0.9705882352941176,0.088235294117647,0.3970588235294117,0.7058823529411764,4,63,50,75,61,50,45,53,50,78,59,47,45.0,25,29.0,78,68,25,25.0,75,59,75,57,0.36,0.91,0.69,0.81
33-3031.00,Fish and Game Wardens,0.0909090909090909,0.2840909090909091,0.4772727272727273,0.0454545454545454,0.1590909090909091,0.2727272727272727,4,50,50,72,57,47,43,60,50,72,54,41,41.0,13,7.0,66,59,44,39.0,69,52,53,48,0.38,0.79,0.46,0.89
33-3041.00,Parking Enforcement Workers,0.1794871794871795,0.3205128205128205,0.4615384615384615,0.1025641025641025,0.3205128205128205,0.5384615384615384,2,47,34,53,43,31,34,56,43,53,43,28,25.0,13,11.0,50,41,0,0.0,56,43,47,34,0.38,0.75,0.61,0.62
33-3051.00,Police and Sheriff's Patrol Officers,0.0689655172413793,0.25,0.4310344827586206,0.1379310344827586,0.2327586206896551,0.3275862068965517,3,58,46,75,56,47,43,64,49,75,57,25,26.0,8,0.0,64,55,17,12.0,75,56,58,47,0.21,0.92,0.7,0.74
33-3051.04,Customs and Border Protection Officers,0.2857142857142857,0.4523809523809523,0.6190476190476191,0.0952380952380952,0.2619047619047618,0.4285714285714285,3,60,45,75,55,41,41,66,54,75,57,31,30.0,13,7.0,72,55,22,16.0,75,57,66,54,0.58,0.89,0.78,0.73
33-3052.00,Transit and Railroad Police,0.0833333333333333,0.2499999999999999,0.4166666666666666,0.25,0.4375,0.625,3,56,43,72,48,47,46,60,50,75,46,25,29.0,16,11.0,53,46,3,0.0,75,55,56,43,0.23,0.84,0.57,0.79
33-9011.00,Animal Control Workers,0.2666666666666666,0.35,0.4333333333333333,0.0,0.1333333333333333,0.2666666666666666,2,50,41,63,50,38,37,50,41,69,48,22,18.0,10,5.0,53,43,6,0.0,69,43,50,41,0.24,0.81,0.68,0.82
33-9021.00,Private Detectives and Investigators,0.074074074074074,0.3888888888888888,0.7037037037037037,0.2222222222222222,0.3888888888888888,0.5555555555555556,3,60,48,72,59,38,30,60,50,78,59,31,30.0,19,14.0,72,57,13,9.0,75,55,66,52,0.25,0.94,0.61,0.85
33-9031.00,Gambling Surveillance Officers and Gambling Investigators,0.25,0.4375,0.625,0.0,0.3125,0.625,2,53,45,69,54,38,41,78,55,56,46,28,25.0,10,5.0,56,50,6,0.0,66,52,53,45,0.29,0.96,0.88,0.74
33-9032.00,Security Guards,0.1666666666666666,0.1666666666666666,0.1666666666666666,0.1666666666666666,0.2499999999999999,0.3333333333333333,2,50,36,53,41,38,32,56,45,63,41,19,11.0,0,0.0,53,43,13,7.0,56,39,50,41,0.15,0.85,0.72,0.66
33-9091.00,Crossing Guards and Flaggers,0.0526315789473684,0.1052631578947368,0.1578947368421052,0.0,0.2631578947368421,0.5263157894736842,2,31,23,44,36,22,13,47,37,47,39,16,9.0,0,0.0,31,29,0,0.0,53,36,25,25,0.11,0.73,0.27,0.69
33-9092.00,"Lifeguards, Ski Patrol, and Other Recreational Protective Service Workers",0.08,0.08,0.08,0.08,0.16,0.24,2,44,39,50,43,53,43,69,50,53,45,10,9.0,0,0.0,47,41,13,9.0,63,43,38,37,0.25,0.66,0.44,0.67
33-9093.00,Transportation Security Screeners,0.0,0.26,0.52,0.04,0.23,0.42,2,47,43,56,50,38,39,60,45,56,50,22,23.0,13,13.0,50,43,19,14.0,60,43,47,37,0.41,0.83,0.68,0.41
33-9099.02,Retail Loss Prevention Specialists,0.0975609756097561,0.3780487804878049,0.6585365853658537,0.1463414634146341,0.3414634146341463,0.5365853658536586,2,56,43,69,52,47,39,63,50,63,46,41,39.0,16,14.0,56,52,6,0.0,63,50,53,46,0.3,0.83,0.7,0.72
35-1011.00,Chefs and Head Cooks,0.0952380952380952,0.2619047619047618,0.4285714285714285,0.1428571428571428,0.2619047619047618,0.3809523809523809,3,53,54,69,55,53,46,72,59,69,52,53,45.0,13,7.0,53,46,16,11.0,72,55,53,43,0.24,0.8,0.7,0.67
35-1012.00,First-Line Supervisors of Food Preparation and Serving Workers,0.2222222222222222,0.5111111111111112,0.8,0.0444444444444444,0.2555555555555555,0.4666666666666667,2,50,46,56,57,53,45,72,54,69,45,50,43.0,10,5.0,60,50,0,0.0,72,54,47,45,0.32,0.87,0.65,0.74
35-2011.00,"Cooks, Fast Food",0.0,0.0,0.0,0.0,0.0263157894736842,0.0526315789473684,1,35,32,41,34,25,23,41,32,50,34,25,23.0,0,0.0,41,37,0,0.0,44,30,25,29,0.3,0.73,0.28,0.3
35-2012.00,"Cooks, Institution and Cafeteria",0.0344827586206896,0.1206896551724137,0.2068965517241379,0.0344827586206896,0.0862068965517241,0.1379310344827586,2,47,41,50,41,44,39,53,43,50,43,47,39.0,0,0.0,47,41,0,0.0,53,41,44,37,0.25,0.73,0.4,0.72
35-2013.00,"Cooks, Private Household",0.16,0.24,0.32,0.16,0.28,0.4,3,50,45,56,43,38,32,50,43,50,41,31,29.0,6,0.0,50,43,13,7.0,50,43,44,36,0.11,0.73,0.46,0.9
35-2014.00,"Cooks, Restaurant",0.027027027027027,0.0945945945945946,0.1621621621621621,0.081081081081081,0.1216216216216216,0.1621621621621621,2,44,39,50,43,28,34,53,45,50,43,38,32.0,3,0.0,47,34,6,0.0,50,43,31,36,0.24,0.78,0.49,0.6
35-2015.00,"Cooks, Short Order",0.0,0.0,0.0,0.0,0.0,0.0,2,47,37,50,39,28,32,47,41,56,41,25,29.0,3,0.0,50,39,0,0.0,50,41,31,37,0.32,0.79,0.58,0.74
35-2021.00,Food Preparation Workers,0.0185185185185185,0.037037037037037,0.0555555555555555,0.0,0.0462962962962962,0.0925925925925925,1,35,30,47,30,35,30,47,30,50,34,28,27.0,0,0.0,41,30,0,0.0,50,30,31,30,0.37,0.8,0.67,0.53
35-3011.00,Bartenders,0.1111111111111111,0.1944444444444444,0.2777777777777778,0.0833333333333333,0.1388888888888889,0.1944444444444444,2,50,43,53,41,47,41,50,43,69,45,31,30.0,6,0.0,50,43,0,0.0,53,43,44,43,0.26,0.72,0.52,0.62
35-3023.00,Fast Food and Counter Workers,0.0208333333333333,0.0625,0.1041666666666666,0.0208333333333333,0.0729166666666666,0.125,1,39,29,45,35,33,32,49,32,61,37,39,28.0,2,0.0,44,33,0,0.0,52,38,33,31,0.32,0.7,0.57,0.58
35-3023.01,Baristas,0.1052631578947368,0.131578947368421,0.1578947368421052,0.1578947368421052,0.1578947368421052,0.1578947368421052,1,41,37,47,39,35,29,50,36,63,37,28,29.0,0,0.0,50,39,0,0.0,60,37,41,34,0.41,0.67,0.5,0.61
35-3031.00,Waiters and Waitresses,0.0816326530612244,0.183673469387755,0.2857142857142857,0.2040816326530612,0.2244897959183673,0.2448979591836734,2,47,30,47,39,35,30,50,39,69,41,28,25.0,3,0.0,44,34,0,0.0,66,36,25,30,0.24,0.76,0.6,0.48
35-3041.00,"Food Servers, Nonrestaurant",0.074074074074074,0.1296296296296296,0.1851851851851851,0.0,0.1111111111111111,0.2222222222222222,2,25,30,47,34,25,30,44,32,50,34,25,21.0,3,0.0,47,30,0,0.0,50,36,25,30,0.27,0.73,0.67,0.72
35-9011.00,Dining Room and Cafeteria Attendants and Bartender Helpers,0.0,0.0,0.0,0.0,0.0,0.0,1,28,30,44,32,25,29,47,30,50,29,22,18.0,3,0.0,35,29,0,0.0,47,30,25,18,0.17,0.72,0.31,0.54
35-9021.00,Dishwashers,0.0,0.0,0.0,0.0,0.0,0.0,1,25,29,41,30,25,18,41,30,44,32,25,14.0,0,0.0,25,30,0,0.0,44,30,25,25,0.45,0.62,0.5,0.73
35-9031.00,"Hosts and Hostesses, Restaurant, Lounge, and Coffee Shop",0.0571428571428571,0.2285714285714285,0.3999999999999999,0.1999999999999999,0.3285714285714285,0.4571428571428571,2,41,34,47,37,31,30,44,29,66,41,28,27.0,6,0.0,47,34,0,0.0,60,41,35,30,0.34,0.63,0.55,0.68
37-1011.00,First-Line Supervisors of Housekeeping and Janitorial Workers,0.1632653061224489,0.2653061224489795,0.3673469387755101,0.0816326530612244,0.2551020408163265,0.4285714285714285,2,47,41,53,46,53,43,56,55,53,45,28,30.0,0,0.0,50,46,0,0.0,56,48,47,43,0.28,0.75,0.61,0.69
37-1012.00,"First-Line Supervisors of Landscaping, Lawn Service, and Groundskeeping Workers",0.1454545454545454,0.3545454545454545,0.5636363636363636,0.0727272727272727,0.2454545454545454,0.4181818181818181,3,53,43,69,54,53,43,75,54,72,55,47,41.0,16,11.0,53,52,16,14.0,69,57,50,43,0.34,0.75,0.49,0.83
37-2011.00,"Janitors and Cleaners, Except Maids and Housekeeping Cleaners",0.0,0.0,0.0,0.0,0.0277777777777777,0.0555555555555555,2,38,29,44,30,22,13,38,27,50,32,0,0.0,0,0.0,35,29,0,0.0,41,30,25,21,0.23,0.73,0.43,0.77
37-2012.00,Maids and Housekeeping Cleaners,0.0,0.0,0.0,0.0588235294117647,0.0588235294117647,0.0588235294117647,1,28,23,44,30,28,21,44,29,44,30,22,14.0,0,0.0,41,30,0,0.0,44,30,28,29,0.27,0.66,0.44,0.59
37-2021.00,Pest Control Workers,0.1666666666666666,0.25,0.3333333333333333,0.0833333333333333,0.2291666666666666,0.375,2,53,41,69,48,44,39,66,43,69,43,41,37.0,0,0.0,50,43,25,25.0,66,43,66,43,0.26,0.78,0.61,0.84
37-3011.00,Landscaping and Groundskeeping Workers,0.0,0.024390243902439,0.048780487804878,0.0,0.024390243902439,0.048780487804878,1,31,29,47,27,28,27,38,27,44,32,19,11.0,0,0.0,31,27,16,13.0,47,27,19,18,0.37,0.55,0.32,0.54
37-3012.00,"Pesticide Handlers, Sprayers, and Applicators, Vegetation",0.0,0.0555555555555555,0.1111111111111111,0.0555555555555555,0.0555555555555555,0.0555555555555555,2,47,34,53,41,31,29,47,39,56,43,31,29.0,0,0.0,50,41,25,20.0,53,43,38,32,0.18,0.8,0.54,0.7
37-3013.00,Tree Trimmers and Pruners,0.048780487804878,0.0609756097560975,0.073170731707317,0.0,0.0609756097560975,0.1219512195121951,2,41,30,56,43,31,29,53,43,47,37,22,20.0,0,0.0,41,36,19,13.0,50,39,38,36,0.11,0.71,0.51,0.84
39-1013.00,First-Line Supervisors of Gambling Services Workers,0.3076923076923077,0.4326923076923077,0.5576923076923077,0.173076923076923,0.3365384615384615,0.5,2,44,41,63,54,38,32,75,49,72,51,38,30.0,5,0.0,50,46,11,0.0,72,50,50,43,0.26,0.86,0.75,0.66
39-1022.00,First-Line Supervisors of Personal Service Workers,0.1034482758620689,0.4137931034482758,0.7241379310344828,0.2413793103448275,0.3620689655172414,0.4827586206896551,3,50,43,72,54,50,43,56,50,72,54,28,30.0,10,5.0,63,50,13,9.0,69,54,53,45,0.22,0.72,0.59,0.79
39-2011.00,Animal Trainers,0.0689655172413793,0.1034482758620689,0.1379310344827586,0.1379310344827586,0.1379310344827586,0.1379310344827586,2,56,45,60,48,63,55,53,50,53,43,22,23.0,3,0.0,47,45,19,20.0,63,43,47,39,0.09,0.61,0.39,0.88
39-2021.00,Animal Caretakers,0.1818181818181818,0.2727272727272727,0.3636363636363636,0.1515151515151515,0.1818181818181818,0.2121212121212121,2,35,30,44,41,25,29,53,41,50,43,25,27.0,6,0.0,50,41,13,7.0,47,39,44,36,0.03,0.63,0.54,0.7
39-3011.00,Gambling Dealers,0.1351351351351351,0.1351351351351351,0.1351351351351351,0.1081081081081081,0.1486486486486486,0.1891891891891892,2,31,34,44,41,25,29,50,43,60,43,44,29.0,0,0.0,50,37,0,0.0,60,41,31,32,0.11,0.91,0.68,0.39
39-3012.00,Gambling and Sports Book Writers and Runners,0.2307692307692307,0.2692307692307693,0.3076923076923077,0.0769230769230769,0.2307692307692307,0.3846153846153846,2,41,36,47,41,31,30,53,45,63,45,50,39.0,10,5.0,44,45,6,0.0,53,41,47,39,0.44,0.84,0.82,0.56
39-3021.00,Motion Picture Projectionists,0.0909090909090909,0.1818181818181818,0.2727272727272727,0.0,0.0757575757575757,0.1515151515151515,2,28,30,47,39,25,29,47,41,50,43,13,7.0,10,9.0,50,43,0,0.0,50,41,28,39,0.59,0.83,0.4,0.64
39-3031.00,"Ushers, Lobby Attendants, and Ticket Takers",0.1142857142857142,0.1428571428571428,0.1714285714285714,0.1428571428571428,0.1999999999999999,0.2571428571428571,2,41,30,44,37,16,18,44,37,53,39,22,20.0,10,5.0,44,32,0,0.0,56,36,31,30,0.3,0.69,0.48,0.42
39-3091.00,Amusement and Recreation Attendants,0.1923076923076923,0.2115384615384615,0.2307692307692307,0.3076923076923077,0.3653846153846154,0.4230769230769231,1,35,29,44,39,28,29,47,34,50,36,25,25.0,6,0.0,35,29,0,0.0,56,39,38,29,0.2,0.47,0.52,0.53
39-3092.00,Costume Attendants,0.1111111111111111,0.2638888888888889,0.4166666666666666,0.0,0.2361111111111111,0.4722222222222222,2,38,32,47,41,22,23,53,43,53,45,13,14.0,0,0.0,47,45,0,0.0,53,43,38,34,0.13,0.77,0.55,0.79
39-3093.00,"Locker Room, Coatroom, and Dressing Room Attendants",0.064516129032258,0.064516129032258,0.064516129032258,0.064516129032258,0.1451612903225806,0.2258064516129032,2,28,29,38,39,10,5,44,34,63,41,10,5.0,0,0.0,41,34,0,0.0,66,39,31,30,0.16,0.56,0.45,0.66
39-4011.00,Embalmers,0.04,0.04,0.04,0.0,0.04,0.08,3,50,43,53,45,28,39,50,45,69,54,25,29.0,6,0.0,50,48,41,32.0,72,54,53,43,0.18,0.89,0.64,0.83
39-4021.00,Funeral Attendants,0.1777777777777777,0.1777777777777777,0.1777777777777777,0.1555555555555555,0.2333333333333333,0.3111111111111111,2,25,21,44,39,22,20,53,41,53,43,19,18.0,3,0.0,41,37,10,7.0,60,43,35,34,0.3,0.77,0.56,0.63
39-4031.00,"Morticians, Undertakers, and Funeral Arrangers",0.0930232558139534,0.1627906976744186,0.2325581395348837,0.0,0.0930232558139534,0.1860465116279069,3,53,46,56,55,47,41,53,54,75,57,47,37.0,10,7.0,56,55,22,25.0,72,57,56,57,0.11,0.96,0.54,0.92
39-5011.00,Barbers,0.088235294117647,0.1617647058823529,0.2352941176470588,0.0,0.0735294117647058,0.1470588235294117,3,38,36,47,39,22,23,47,39,60,43,22,16.0,0,0.0,44,30,6,0.0,53,39,25,29,0.28,0.84,0.46,0.81
39-5012.00,"Hairdressers, Hairstylists, and Cosmetologists",0.0526315789473684,0.0789473684210526,0.1052631578947368,0.0,0.0526315789473684,0.1052631578947368,3,56,43,60,50,47,43,50,43,72,43,35,29.0,10,5.0,50,43,16,14.0,69,43,47,41,0.15,0.82,0.65,0.93
39-5091.00,"Makeup Artists, Theatrical and Performance",0.048780487804878,0.3414634146341463,0.6341463414634146,0.048780487804878,0.2439024390243902,0.4390243902439024,3,50,46,53,46,38,36,50,45,56,46,25,30.0,6,0.0,56,46,16,9.0,63,45,44,39,0.02,0.77,0.35,0.77
39-5092.00,Manicurists and Pedicurists,0.0555555555555555,0.0833333333333333,0.1111111111111111,0.0,0.0555555555555555,0.1111111111111111,2,44,32,38,36,28,27,41,30,50,39,22,18.0,0,0.0,44,30,0,0.0,50,37,28,27,0.02,0.7,0.21,0.62
39-5093.00,Shampooers,0.1428571428571428,0.1428571428571428,0.1428571428571428,0.0,0.0714285714285714,0.1428571428571428,2,31,29,38,30,25,25,44,34,53,37,16,16.0,0,0.0,38,32,0,0.0,56,36,35,29,0.2,0.93,0.39,0.61
39-5094.00,Skincare Specialists,0.0606060606060606,0.1969696969696969,0.3333333333333333,0.0606060606060606,0.106060606060606,0.1515151515151515,3,53,41,50,43,47,39,50,43,63,45,13,9.0,0,0.0,53,45,10,9.0,66,43,35,39,0.28,0.72,0.66,0.61
39-6011.00,Baggage Porters and Bellhops,0.074074074074074,0.1481481481481481,0.2222222222222222,0.2592592592592592,0.2777777777777778,0.2962962962962963,2,31,30,50,39,31,29,47,32,66,45,25,27.0,6,0.0,47,37,0,0.0,66,37,44,30,0.23,0.57,0.53,0.71
39-6012.00,Concierges,0.1333333333333333,0.4666666666666667,0.8,0.6666666666666666,0.7,0.7333333333333333,3,47,41,56,52,31,30,50,43,75,55,25,29.0,10,5.0,50,46,0,0.0,75,48,44,41,0.24,0.74,0.54,0.84
39-7011.00,Tour Guides and Escorts,0.1538461538461538,0.2692307692307693,0.3846153846153846,0.3076923076923077,0.3461538461538461,0.3846153846153846,3,31,34,47,45,31,37,50,43,56,45,25,16.0,0,0.0,50,43,0,0.0,72,46,31,32,0.11,0.71,0.27,0.73
39-7012.00,Travel Guides,0.16,0.38,0.6,0.32,0.4,0.48,3,47,41,56,50,47,45,47,46,72,57,44,36.0,16,13.0,56,50,6,0.0,72,46,53,45,0.4,0.68,0.39,0.84
39-9011.00,Childcare Workers,0.1136363636363636,0.1477272727272727,0.1818181818181818,0.2045454545454545,0.3295454545454545,0.4545454545454546,2,50,43,53,43,50,45,63,45,53,43,28,27.0,0,0.0,50,43,3,0.0,53,43,50,41,0.2,0.59,0.33,0.77
39-9011.01,Nannies,0.1081081081081081,0.1351351351351351,0.1621621621621621,0.2702702702702703,0.3513513513513513,0.4324324324324324,2,50,43,63,46,56,46,75,55,72,43,16,11.0,0,0.0,50,43,19,14.0,72,48,53,41,0.09,0.45,0.23,0.79
39-9031.00,Exercise Trainers and Group Fitness Instructors,0.0,0.0147058823529411,0.0294117647058823,0.1470588235294117,0.2352941176470588,0.3235294117647059,3,50,41,50,45,56,52,56,52,56,46,19,11.0,6,0.0,47,45,16,9.0,63,46,44,39,0.11,0.5,0.47,0.78
39-9032.00,Recreation Workers,0.119047619047619,0.238095238095238,0.3571428571428571,0.0952380952380952,0.25,0.4047619047619047,4,53,45,56,52,53,45,69,48,75,57,28,29.0,10,5.0,53,46,16,9.0,75,57,53,45,0.19,0.57,0.61,0.84
39-9041.00,Residential Advisors,0.1,0.24,0.38,0.18,0.28,0.38,3,50,43,66,57,44,41,69,52,72,55,25,29.0,10,7.0,53,48,10,5.0,69,55,50,43,0.14,0.63,0.56,0.77
41-1011.00,First-Line Supervisors of Retail Sales Workers,0.081081081081081,0.4864864864864865,0.8918918918918919,0.1621621621621621,0.4054054054054054,0.6486486486486487,2,50,48,63,55,50,50,63,55,72,52,44,43.0,19,14.0,50,55,0,0.0,69,55,50,52,0.24,0.75,0.65,0.79
41-1012.00,First-Line Supervisors of Non-Retail Sales Workers,0.1111111111111111,0.537037037037037,0.9629629629629628,0.1851851851851851,0.4444444444444444,0.7037037037037037,4,63,52,66,55,56,52,75,61,75,57,50,43.0,13,9.0,66,59,0,0.0,75,57,66,57,0.28,0.81,0.67,0.8
41-2011.00,Cashiers,0.1395348837209302,0.2093023255813953,0.2790697674418604,0.2325581395348837,0.3604651162790697,0.4883720930232558,2,35,32,47,37,28,30,47,36,53,41,50,32.0,3,0.0,47,37,0,0.0,53,41,31,34,0.23,0.85,0.6,0.54
41-2012.00,Gambling Change Persons and Booth Cashiers,0.238095238095238,0.2619047619047618,0.2857142857142857,0.0,0.3095238095238095,0.6190476190476191,2,25,30,47,41,25,30,47,36,50,43,47,36.0,6,0.0,53,43,0,0.0,50,39,44,37,0.26,0.96,0.87,0.57
41-2021.00,Counter and Rental Clerks,0.2580645161290322,0.532258064516129,0.8064516129032258,0.5483870967741935,0.6774193548387096,0.8064516129032258,2,44,32,53,41,28,29,50,41,69,45,31,32.0,10,7.0,56,45,0,0.0,60,43,50,43,0.28,0.75,0.67,0.65
41-2022.00,Parts Salespersons,0.1714285714285714,0.3428571428571428,0.5142857142857142,0.2857142857142857,0.3428571428571428,0.3999999999999999,2,47,43,56,45,31,30,53,41,75,55,38,36.0,13,9.0,72,45,0,0.0,75,45,53,41,0.27,0.83,0.81,0.82
41-2031.00,Retail Salespersons,0.0789473684210526,0.3421052631578947,0.6052631578947368,0.2631578947368421,0.3552631578947368,0.4473684210526315,2,50,41,53,45,41,32,50,45,69,54,41,29.0,6,0.0,50,45,0,0.0,69,45,50,43,0.29,0.79,0.63,0.77
41-3011.00,Advertising Sales Agents,0.1794871794871795,0.5384615384615384,0.8974358974358974,0.4358974358974359,0.6923076923076923,0.9487179487179488,4,47,52,56,54,41,37,50,48,69,57,44,39.0,22,16.0,60,55,0,0.0,78,57,53,48,0.18,0.76,0.42,0.92
41-3021.00,Insurance Sales Agents,0.1515151515151515,0.5757575757575758,1.0,0.3333333333333333,0.5303030303030303,0.7272727272727273,4,50,48,69,55,44,39,47,43,72,57,50,43.0,19,11.0,75,57,3,0.0,72,57,66,52,0.44,0.93,0.7,0.78
41-3031.00,"Securities, Commodities, and Financial Services Sales Agents",0.2115384615384615,0.6057692307692308,1.0,0.2692307692307693,0.5192307692307693,0.7692307692307693,4,55,53,74,60,41,38,54,52,73,58,59,54.0,20,17.0,72,60,8,0.0,72,58,58,55,0.41,0.9,0.61,0.85
41-3041.00,Travel Agents,0.125,0.5625,1.0,0.25,0.5625,0.875,3,53,45,53,54,38,32,50,41,78,57,47,36.0,19,11.0,75,54,6,0.0,75,45,53,43,0.7,0.95,0.53,0.83
41-4011.00,"Sales Representatives, Wholesale and Manufacturing, Technical and Scientific Products",0.1578947368421052,0.5350877192982456,0.912280701754386,0.3859649122807017,0.5701754385964912,0.7543859649122806,4,63,54,60,54,44,43,53,45,78,59,47,41.0,25,14.0,69,59,13,9.0,81,57,60,52,0.29,0.84,0.45,0.93
41-4011.07,Solar Sales Representatives and Assessors,0.0,0.4615384615384615,0.9230769230769232,0.3846153846153846,0.576923076923077,0.7692307692307693,3,53,48,63,54,38,36,53,48,72,54,44,46.0,16,11.0,63,55,10,13.0,75,55,56,48,0.31,0.81,0.42,0.91
41-4012.00,"Sales Representatives, Wholesale and Manufacturing, Except Technical and Scientific Products",0.2413793103448275,0.6206896551724138,1.0,0.4827586206896551,0.7068965517241379,0.9310344827586208,4,53,46,63,54,31,30,53,46,75,57,31,32.0,13,7.0,60,54,0,0.0,75,57,56,46,0.36,0.69,0.61,0.9
41-9011.00,Demonstrators and Product Promoters,0.0512820512820512,0.1282051282051282,0.2051282051282051,0.2051282051282051,0.3974358974358974,0.5897435897435898,2,47,43,50,43,44,39,50,45,72,52,28,27.0,3,0.0,56,46,0,0.0,72,55,50,43,0.11,0.59,0.48,0.66
41-9012.00,Models,0.1333333333333333,0.2333333333333333,0.3333333333333333,0.0666666666666666,0.4,0.7333333333333334,2,22,23,41,27,3,0,22,25,44,37,6,0.0,0,0.0,38,29,0,0.0,44,30,25,29,0.08,0.44,0.39,0.42
41-9021.00,Real Estate Brokers,0.0,0.5,1.0,0.125,0.421875,0.71875,4,66,54,72,55,38,29,53,48,72,57,47,43.0,13,7.0,72,59,3,0.0,75,57,60,50,0.43,0.76,0.51,0.96
41-9022.00,Real Estate Sales Agents,0.0,0.4375,0.875,0.2857142857142857,0.4107142857142857,0.5357142857142857,3,53,46,66,57,38,34,50,43,75,57,53,46.0,16,9.0,60,57,3,0.0,75,57,60,50,0.31,0.76,0.48,0.93
41-9031.00,Sales Engineers,0.1590909090909091,0.5113636363636364,0.8636363636363636,0.3181818181818182,0.5340909090909091,0.75,4,66,55,75,57,50,50,50,52,72,61,50,54.0,28,27.0,75,68,31,32.0,75,59,69,57,0.25,0.62,0.46,0.76
41-9041.00,Telemarketers,0.611111111111111,0.8055555555555555,1.0,0.2222222222222222,0.5277777777777778,0.8333333333333333,2,22,21,47,48,10,7,38,34,75,52,13,9.0,3,0.0,53,46,3,0.0,81,52,35,37,0.52,0.7,0.65,0.61
41-9091.00,"Door-to-Door Sales Workers, News and Street Vendors, and Related Workers",0.1739130434782608,0.2608695652173913,0.3478260869565217,0.5217391304347826,0.5217391304347826,0.5217391304347826,1,41,37,47,45,31,29,44,41,60,45,22,16.0,16,9.0,50,39,0,0.0,75,48,47,39,0.22,0.49,0.26,0.94
43-1011.00,First-Line Supervisors of Office and Administrative Support Workers,0.0833333333333333,0.4895833333333333,0.8958333333333333,0.2291666666666666,0.53125,0.8333333333333333,3,69,54,72,55,66,54,75,57,75,55,44,39.0,22,14.0,75,54,0,0.0,75,57,69,54,0.33,0.81,0.52,0.85
43-2011.00,"Switchboard Operators, Including Answering Service",0.5161290322580645,0.6290322580645161,0.7419354838709677,0.3870967741935484,0.4838709677419355,0.5806451612903225,2,41,32,47,39,28,29,47,34,72,43,19,20.0,13,7.0,50,43,0,0.0,75,39,50,34,0.43,0.87,0.74,0.74
43-2021.00,Telephone Operators,0.8421052631578947,0.894736842105263,0.9473684210526316,0.3684210526315789,0.5526315789473684,0.7368421052631579,2,35,29,50,46,28,27,41,34,75,50,22,20.0,16,9.0,50,39,0,0.0,75,48,35,36,0.66,0.93,0.97,0.27
43-3011.00,Bill and Account Collectors,0.3928571428571428,0.6964285714285714,1.0,0.1071428571428571,0.4285714285714285,0.75,2,47,39,53,50,28,30,50,41,72,52,41,37.0,6,0.0,53,52,0,0.0,72,52,56,45,0.47,0.76,0.83,0.59
43-3021.00,Billing and Posting Clerks,0.6904761904761905,0.7738095238095237,0.8571428571428571,0.1904761904761904,0.4166666666666666,0.6428571428571428,2,45,38,53,45,28,29,49,37,63,48,42,37.0,25,17.0,58,46,0,0.0,59,44,44,42,0.35,0.9,0.91,0.78
43-3031.00,"Bookkeeping, Accounting, and Auditing Clerks",0.6046511627906976,0.8023255813953488,1.0,0.1395348837209302,0.313953488372093,0.4883720930232558,3,44,45,56,46,25,27,50,41,56,54,60,48.0,10,5.0,56,54,3,0.0,53,45,53,45,0.34,0.92,0.91,0.7
43-3041.00,Gambling Cage Workers,0.3870967741935484,0.4193548387096774,0.4516129032258064,0.3225806451612903,0.4193548387096774,0.5161290322580645,2,31,32,50,46,28,30,50,43,60,46,63,41.0,6,0.0,50,43,0,0.0,69,45,50,43,0.47,0.87,0.79,0.52
43-3051.00,Payroll and Timekeeping Clerks,0.6756756756756757,0.8378378378378379,1.0,0.1621621621621621,0.4864864864864865,0.8108108108108109,2,44,41,53,45,35,36,50,41,69,48,50,43.0,16,9.0,69,54,6,0.0,56,45,53,45,0.51,0.97,0.98,0.87
43-3061.00,Procurement Clerks,0.2571428571428571,0.6142857142857142,0.9714285714285714,0.2571428571428571,0.4571428571428571,0.6571428571428571,3,56,50,66,52,31,32,63,48,69,57,47,34.0,10,7.0,75,55,0,0.0,75,54,69,46,0.45,0.89,0.85,0.89
43-3071.00,Tellers,0.3125,0.5416666666666666,0.7708333333333333,0.2291666666666666,0.3333333333333333,0.4375,2,47,43,53,46,31,36,53,45,63,52,50,39.0,6,0.0,53,46,0,0.0,56,43,50,43,0.36,0.95,0.93,0.69
43-4011.00,Brokerage Clerks,0.5333333333333333,0.7666666666666666,1.0,0.7333333333333333,0.8,0.8666666666666667,3,50,43,60,52,41,39,53,43,72,55,50,50.0,25,25.0,69,54,0,0.0,72,52,53,50,0.57,0.93,0.88,0.78
43-4021.00,Correspondence Clerks,0.9642857142857142,0.9642857142857142,0.9642857142857142,0.5714285714285714,0.7321428571428571,0.8928571428571428,2,41,39,69,54,38,32,44,37,69,55,44,34.0,13,7.0,72,55,10,5.0,60,48,75,57,0.36,0.85,0.82,0.82
43-4031.00,"Court, Municipal, and License Clerks",0.4363636363636363,0.7,0.9636363636363636,0.3090909090909091,0.5909090909090908,0.8727272727272727,2,48,43,53,49,29,27,52,43,68,52,34,29.0,7,0.0,65,53,12,0.0,66,52,63,50,0.46,0.86,0.82,0.75
43-4041.00,"Credit Authorizers, Checkers, and Clerks",0.35,0.65,0.95,0.25,0.5750000000000001,0.9,2,53,43,64,50,34,32,52,43,78,54,31,,5,0.0,66,52,3,0.0,72,51,61,49,0.49,0.93,0.83,0.88
43-4051.00,Customer Service Representatives,0.1363636363636363,0.5681818181818182,1.0,0.5454545454545454,0.7045454545454546,0.8636363636363636,2,50,41,53,46,41,41,50,43,72,54,25,30.0,13,9.0,60,48,0,0.0,72,54,44,43,0.46,0.85,0.83,0.77
43-4061.00,"Eligibility Interviewers, Government Programs",0.4,0.68,0.96,0.28,0.62,0.96,3,50,43,69,54,44,34,50,45,78,57,25,25.0,10,7.0,72,57,10,5.0,88,57,69,52,0.44,0.8,0.75,0.73
43-4071.00,File Clerks,0.6764705882352942,0.7941176470588235,0.9117647058823528,0.1764705882352941,0.4705882352941176,0.7647058823529411,2,44,32,50,43,28,30,50,32,53,43,25,30.0,13,9.0,69,43,0,0.0,50,43,50,43,0.26,0.9,0.67,0.69
43-4081.00,"Hotel, Motel, and Resort Desk Clerks",0.2051282051282051,0.5,0.7948717948717948,0.2051282051282051,0.3974358974358974,0.5897435897435898,2,44,32,47,50,41,37,50,43,60,46,41,30.0,19,13.0,50,50,0,0.0,69,43,47,41,0.41,0.79,0.72,0.75
43-4111.00,"Interviewers, Except Eligibility and Loan",0.5172413793103449,0.6724137931034483,0.8275862068965517,0.3103448275862069,0.4310344827586206,0.5517241379310345,3,47,43,56,46,47,41,50,45,75,57,31,30.0,22,16.0,63,52,0,0.0,72,57,56,48,0.41,0.92,0.91,0.69
43-4121.00,"Library Assistants, Clerical",0.3275862068965517,0.5344827586206896,0.7413793103448276,0.2413793103448275,0.4396551724137931,0.6379310344827586,2,31,30,50,41,38,30,47,39,56,43,28,30.0,13,7.0,56,46,0,0.0,50,43,50,43,0.32,0.79,0.68,0.75
43-4131.00,Loan Interviewers and Clerks,0.1875,0.59375,1.0,0.125,0.5,0.875,3,60,50,69,57,41,39,50,43,78,57,53,45.0,19,16.0,72,57,3,0.0,75,57,66,55,0.49,0.93,0.83,0.87
43-4141.00,New Accounts Clerks,0.28,0.56,0.8400000000000001,0.52,0.6,0.68,3,44,37,53,50,38,30,53,43,75,57,47,43.0,16,11.0,63,52,0,0.0,75,55,50,43,0.51,0.92,0.86,0.62
43-4151.00,Order Clerks,0.4285714285714285,0.7142857142857143,1.0,0.4285714285714285,0.6,0.7714285714285714,2,53,43,56,52,35,30,56,39,75,46,50,41.0,13,7.0,72,48,3,0.0,72,46,53,41,0.41,0.8,0.81,0.82
43-4161.00,"Human Resources Assistants, Except Payroll and Timekeeping",0.2758620689655172,0.6206896551724138,0.9655172413793104,0.1379310344827586,0.4655172413793103,0.7931034482758621,3,50,45,60,52,38,41,60,50,75,57,25,29.0,19,11.0,75,57,3,0.0,69,54,63,52,0.39,0.93,0.84,0.81
43-4171.00,Receptionists and Information Clerks,0.2,0.5333333333333333,0.8666666666666667,0.4333333333333333,0.5833333333333334,0.7333333333333333,2,50,34,56,45,35,34,44,36,66,48,28,30.0,10,5.0,56,46,0,0.0,66,43,56,45,0.47,0.81,0.84,0.74
43-4181.00,Reservation and Transportation Ticket Agents and Travel Clerks,0.1142857142857142,0.4571428571428571,0.7999999999999999,0.3714285714285714,0.5285714285714286,0.6857142857142857,2,50,43,60,52,41,37,50,41,75,57,41,36.0,22,13.0,63,45,0,0.0,75,46,53,43,0.65,0.92,0.98,0.42
43-5011.00,Cargo and Freight Agents,0.2424242424242424,0.4696969696969697,0.696969696969697,0.0909090909090909,0.2727272727272727,0.4545454545454546,2,44,39,56,52,25,27,50,45,63,43,31,36.0,10,5.0,56,45,0,0.0,66,43,50,43,0.21,0.67,0.47,0.84
43-5011.01,Freight Forwarders,0.1698113207547169,0.5849056603773585,1.0,0.3396226415094339,0.5849056603773585,0.830188679245283,2,53,45,56,48,41,43,63,46,56,48,50,43.0,13,11.0,63,46,0,0.0,60,48,60,46,0.47,0.86,0.73,0.86
43-5021.00,Couriers and Messengers,0.2413793103448275,0.3103448275862069,0.3793103448275862,0.0,0.1551724137931034,0.3103448275862069,2,41,32,50,37,28,27,44,30,56,41,38,30.0,0,0.0,50,41,3,0.0,56,37,50,39,0.34,0.79,0.62,0.79
43-5031.00,Public Safety Telecommunicators,0.40625,0.65625,0.90625,0.4375,0.59375,0.75,2,56,43,69,55,44,43,60,45,81,59,31,27.0,19,13.0,66,52,13,9.0,81,59,53,46,0.34,0.96,0.9,0.68
43-5032.00,"Dispatchers, Except Police, Fire, and Ambulance",0.3478260869565217,0.6739130434782609,1.0,0.3478260869565217,0.6521739130434783,0.9565217391304348,2,50,41,53,54,44,39,72,46,75,55,28,29.0,10,5.0,69,46,3,0.0,75,55,53,41,0.36,0.9,0.88,0.82
43-5041.00,"Meter Readers, Utilities",0.3333333333333333,0.4374999999999999,0.5416666666666666,0.0833333333333333,0.3541666666666666,0.625,2,44,30,50,39,35,36,47,41,50,43,35,30.0,22,13.0,50,41,3,0.0,50,43,41,39,0.41,0.83,0.73,0.64
43-5051.00,Postal Service Clerks,0.1481481481481481,0.3148148148148147,0.4814814814814814,0.1481481481481481,0.2777777777777778,0.4074074074074074,2,41,29,50,46,28,29,50,36,60,45,44,36.0,16,9.0,53,45,0,0.0,56,43,47,43,0.39,0.82,0.74,0.48
43-5052.00,Postal Service Mail Carriers,0.2051282051282051,0.2307692307692307,0.2564102564102564,0.1794871794871795,0.3461538461538461,0.5128205128205128,2,25,29,50,39,19,16,41,32,50,43,16,16.0,0,0.0,41,41,0,0.0,50,39,28,30,0.36,0.88,0.82,0.42
43-5053.00,"Postal Service Mail Sorters, Processors, and Processing Machine Operators",0.1,0.1,0.1,0.05,0.125,0.2,2,28,29,50,37,28,30,53,39,47,39,25,20.0,16,9.0,50,39,0,0.0,50,37,31,27,0.68,0.76,0.67,0.53
43-5061.00,"Production, Planning, and Expediting Clerks",0.2692307692307693,0.5961538461538461,0.9230769230769232,0.1538461538461538,0.5192307692307693,0.8846153846153847,3,41,41,60,55,38,36,60,50,72,54,41,36.0,16,9.0,72,57,6,0.0,66,48,60,45,0.4,0.86,0.69,0.8
43-5071.00,"Shipping, Receiving, and Inventory Clerks",0.2857142857142857,0.5,0.7142857142857142,0.1904761904761904,0.3571428571428571,0.5238095238095237,2,35,30,50,43,28,32,50,43,53,43,31,32.0,16,9.0,53,45,0,0.0,56,43,41,39,0.44,0.86,0.84,0.84
43-5111.00,"Weighers, Measurers, Checkers, and Samplers, Recordkeeping",0.2068965517241379,0.293103448275862,0.3793103448275862,0.1724137931034483,0.2758620689655172,0.3793103448275862,2,44,39,60,43,44,36,53,45,50,43,47,39.0,19,16.0,56,43,13,11.0,53,43,47,43,0.34,0.88,0.79,0.63
43-6011.00,Executive Secretaries and Executive Administrative Assistants,0.3783783783783784,0.6486486486486487,0.918918918918919,0.6216216216216217,0.7432432432432433,0.8648648648648649,3,53,45,56,54,47,43,53,52,75,57,44,32.0,22,18.0,75,57,10,5.0,72,55,69,54,0.27,0.88,0.71,0.92
43-6012.00,Legal Secretaries and Administrative Assistants,0.3913043478260869,0.6956521739130435,1.0,0.5217391304347826,0.7608695652173912,1.0,3,44,39,53,45,31,29,50,43,69,57,25,29.0,10,7.0,72,55,0,0.0,69,46,72,55,0.25,0.78,0.84,0.84
43-6013.00,Medical Secretaries and Administrative Assistants,0.3333333333333333,0.6666666666666666,1.0,0.3703703703703703,0.611111111111111,0.8518518518518519,2,31,32,53,43,28,30,50,41,72,50,28,29.0,10,5.0,63,45,3,0.0,75,52,53,43,0.28,0.88,0.9,0.76
43-6014.00,"Secretaries and Administrative Assistants, Except Legal, Medical, and Executive",0.3846153846153846,0.6442307692307693,0.903846153846154,0.3653846153846154,0.5673076923076923,0.7692307692307693,2,47,43,50,52,28,27,53,46,75,54,25,23.0,16,11.0,72,55,0,0.0,75,52,69,50,0.2,0.81,0.83,0.82
43-9021.00,Data Entry Keyers,0.8571428571428571,0.8928571428571428,0.9285714285714284,0.2142857142857142,0.4999999999999999,0.7857142857142857,2,44,30,47,41,28,30,56,32,60,43,25,29.0,19,14.0,66,48,0,0.0,47,43,50,43,0.46,0.97,0.95,0.81
43-9022.00,Word Processors and Typists,0.7027027027027027,0.7432432432432433,0.7837837837837838,0.1891891891891892,0.4864864864864865,0.7837837837837838,2,31,29,44,36,22,21,50,34,56,45,41,36.0,19,13.0,63,50,0,0.0,50,41,56,46,0.33,0.92,0.91,0.82
43-9031.00,Desktop Publishers,0.3225806451612903,0.6451612903225806,0.967741935483871,0.032258064516129,0.4838709677419355,0.935483870967742,3,50,43,69,55,47,43,50,50,63,54,25,30.0,41,37.0,69,57,0,0.0,63,52,53,52,0.31,0.86,0.57,0.76
43-9041.00,Insurance Claims and Policy Processing Clerks,0.6666666666666666,0.8333333333333333,1.0,0.2619047619047618,0.5119047619047619,0.7619047619047619,2,45,37,58,50,30,29,45,39,69,54,45,42.0,16,10.0,64,53,2,0.0,64,54,56,43,0.56,0.88,0.87,0.77
43-9051.00,"Mail Clerks and Mail Machine Operators, Except Postal Service",0.1081081081081081,0.2162162162162162,0.3243243243243243,0.054054054054054,0.1216216216216216,0.1891891891891892,2,31,30,50,41,28,29,50,41,47,39,31,29.0,13,7.0,50,37,3,0.0,50,39,47,39,0.49,0.87,0.81,0.85
43-9061.00,"Office Clerks, General",0.3636363636363636,0.5757575757575758,0.7878787878787878,0.2121212121212121,0.5,0.7878787878787878,2,44,39,50,43,28,32,47,41,69,50,28,30.0,6,0.0,69,50,0,0.0,66,43,53,45,0.28,0.9,0.81,0.68
43-9071.00,"Office Machine Operators, Except Computer",0.2941176470588235,0.3970588235294117,0.5,0.0,0.1764705882352941,0.3529411764705882,2,44,37,50,37,25,29,50,43,50,41,38,29.0,19,13.0,53,41,0,0.0,50,43,47,39,0.36,0.69,0.55,0.57
43-9081.00,Proofreaders and Copy Markers,0.95,0.975,1.0,0.2,0.6000000000000001,1.0,4,38,34,50,43,25,20,47,39,53,45,22,14.0,6,0.0,81,61,3,0.0,56,45,66,57,0.35,0.97,0.92,0.56
43-9111.00,Statistical Assistants,0.8260869565217391,0.8913043478260869,0.9565217391304348,0.3478260869565217,0.6739130434782609,1.0,4,66,54,69,55,47,43,50,43,60,52,85,70.0,50,50.0,69,57,28,36.0,60,54,63,54,0.41,0.87,0.61,0.74
45-1011.00,"First-Line Supervisors of Farming, Fishing, and Forestry Workers",0.1403508771929824,0.2807017543859649,0.4210526315789473,0.0,0.1578947368421052,0.3157894736842105,3,54,47,67,51,51,45,69,54,70,53,42,38.0,11,0.0,56,53,33,30.0,67,52,52,48,0.31,0.72,0.48,0.79
45-2011.00,Agricultural Inspectors,0.0833333333333333,0.2916666666666666,0.5,0.125,0.2916666666666666,0.4583333333333333,2,56,48,66,57,47,43,69,59,69,52,41,39.0,13,7.0,69,57,44,39.0,63,55,53,52,0.34,0.91,0.73,0.74
45-2021.00,Animal Breeders,0.0909090909090909,0.1666666666666666,0.2424242424242424,0.0303030303030303,0.0757575757575757,0.1212121212121212,2,50,39,56,46,28,29,50,43,50,43,28,30.0,13,7.0,47,41,50,41.0,50,39,44,39,0.08,0.59,0.33,0.94
45-2041.00,"Graders and Sorters, Agricultural Products",0.1,0.1,0.1,0.0,0.05,0.1,1,28,21,38,32,16,13,47,30,44,32,16,13.0,0,0.0,31,23,6,0.0,44,32,31,20,0.33,0.64,0.26,0.41
45-2091.00,Agricultural Equipment Operators,0.0,0.0,0.0,0.0,0.0,0.0,1,31,27,47,39,19,14,44,32,50,41,22,16.0,0,0.0,31,27,16,9.0,44,37,28,25,0.26,0.68,0.35,0.72
45-2092.00,"Farmworkers and Laborers, Crop, Nursery, and Greenhouse",0.0714285714285714,0.1428571428571428,0.2142857142857142,0.0,0.0714285714285714,0.1428571428571428,1,33,33,47,37,30,31,45,39,45,36,17,17.0,0,0.0,36,30,16,11.0,45,33,33,30,0.42,0.61,0.32,0.65
45-2093.00,"Farmworkers, Farm, Ranch, and Aquacultural Animals",0.0,0.0625,0.125,0.0,0.078125,0.15625,2,47,34,60,43,28,30,56,46,53,43,28,25.0,0,0.0,50,39,22,20.0,50,41,41,39,0.21,0.59,0.44,0.73
45-3031.00,Fishing and Hunting Workers,0.0,0.043859649122807,0.087719298245614,0.0,0.0087719298245614,0.0175438596491228,1,41,31,50,42,30,30,42,43,49,37,20,18.0,0,0.0,41,37,19,17.0,49,38,30,31,0.27,0.51,0.48,0.81
45-4011.00,Forest and Conservation Workers,0.0434782608695652,0.0434782608695652,0.0434782608695652,0.0,0.0652173913043478,0.1304347826086956,3,50,37,53,45,47,37,53,45,53,41,38,30.0,16,9.0,47,45,25,21.0,56,43,47,36,0.13,0.66,0.51,0.8
45-4021.00,Fallers,0.0,0.03125,0.0625,0.125,0.125,0.125,1,35,29,56,43,10,11,56,39,47,34,35,21.0,0,0.0,25,25,19,18.0,41,34,22,18,0.12,0.78,0.38,0.9
45-4022.00,Logging Equipment Operators,0.1875,0.1875,0.1875,0.0,0.0625,0.125,1,31,30,47,39,31,29,50,43,50,32,35,27.0,0,0.0,38,32,13,7.0,44,32,44,34,0.29,0.7,0.68,0.71
45-4023.00,Log Graders and Scalers,0.0,0.2105263157894736,0.4210526315789473,0.0,0.1578947368421052,0.3157894736842105,2,50,39,56,43,35,30,50,43,56,41,44,39.0,13,7.0,47,41,19,11.0,53,41,50,43,0.26,0.78,0.67,0.69
47-1011.00,First-Line Supervisors of Construction Trades and Extraction Workers,0.0666666666666666,0.4,0.7333333333333333,0.0,0.2,0.4,3,50,45,66,48,53,43,60,48,69,52,44,43.0,6,0.0,60,52,16,11.0,69,54,50,45,0.15,0.82,0.43,0.91
47-1011.03,Solar Energy Installation Managers,0.0,0.4333333333333333,0.8666666666666667,0.0666666666666666,0.2666666666666666,0.4666666666666667,3,56,46,66,54,50,43,69,52,66,54,41,46.0,19,14.0,63,54,16,13.0,63,52,60,48,0.17,0.81,0.61,0.72
47-2011.00,Boilermakers,0.0,0.0303030303030303,0.0606060606060606,0.0,0.0,0.0,3,50,43,63,45,44,39,53,45,50,43,31,29.0,0,0.0,53,43,25,27.0,47,41,44,41,0.41,0.84,0.61,0.72
47-2021.00,Brickmasons and Blockmasons,0.0,0.0384615384615384,0.0769230769230769,0.0,0.0,0.0,2,47,30,53,43,28,30,50,41,50,39,47,48.0,0,0.0,44,34,19,18.0,50,36,31,30,0.15,0.78,0.4,0.75
47-2022.00,Stonemasons,0.0,0.0,0.0,0.0,0.0,0.0,3,50,37,66,43,38,34,50,39,50,43,41,37.0,0,0.0,47,36,13,11.0,50,37,47,37,0.14,0.66,0.32,0.75
47-2031.00,Carpenters,0.0444444444444444,0.1444444444444444,0.2444444444444444,0.0444444444444444,0.0888888888888888,0.1333333333333333,2,49,39,52,45,36,35,53,42,55,40,41,42.0,0,0.0,52,41,10,0.0,53,39,35,37,0.15,0.83,0.48,0.78
47-2041.00,Carpet Installers,0.0,0.0625,0.125,0.0,0.03125,0.0625,2,41,30,50,41,35,37,53,41,47,30,50,48.0,0,0.0,41,32,0,0.0,47,32,25,25,0.05,0.74,0.38,0.8
47-2042.00,"Floor Layers, Except Carpet, Wood, and Hard Tiles",0.0,0.0,0.0,0.0,0.0,0.0,2,44,36,47,41,28,27,47,45,53,43,28,30.0,0,0.0,35,34,6,0.0,53,37,35,32,0.15,0.8,0.32,0.81
47-2043.00,Floor Sanders and Finishers,0.0,0.0714285714285714,0.1428571428571428,0.0,0.0,0.0,1,41,32,44,34,28,27,47,39,50,39,25,21.0,0,0.0,41,34,3,0.0,44,32,28,27,0.21,0.84,0.6,0.84
47-2044.00,Tile and Stone Setters,0.025,0.0875,0.15,0.0,0.0375,0.075,2,44,36,56,45,31,32,47,37,53,39,50,45.0,0,0.0,44,39,6,0.0,53,39,35,32,0.04,0.77,0.48,0.69
47-2051.00,Cement Masons and Concrete Finishers,0.0,0.0,0.0,0.0,0.0,0.0,1,28,25,50,34,35,29,56,41,50,32,41,39.0,3,0.0,35,27,6,0.0,53,29,25,27,0.37,0.86,0.52,0.65
47-2053.00,Terrazzo Workers and Finishers,0.0,0.0,0.0,0.0,0.0227272727272727,0.0454545454545454,2,35,30,41,34,28,30,44,37,38,29,35,32.0,0,0.0,28,25,16,9.0,47,29,22,23,0.13,0.83,0.44,0.58
47-2061.00,Construction Laborers,0.0,0.05,0.1,0.0,0.025,0.05,2,28,30,44,37,28,29,41,36,53,43,25,20.0,0,0.0,44,37,13,7.0,56,41,31,29,0.08,0.68,0.41,0.55
47-2071.00,"Paving, Surfacing, and Tamping Equipment Operators",0.0,0.0,0.0,0.0,0.0,0.0,2,41,30,50,41,31,30,56,41,47,39,25,29.0,0,0.0,38,30,3,0.0,47,32,22,23,0.39,0.62,0.49,0.7
47-2072.00,Pile Driver Operators,0.0,0.0,0.0,0.0,0.0,0.0,2,25,29,47,43,22,23,56,41,50,39,28,20.0,0,0.0,38,32,10,5.0,44,34,31,27,0.15,0.8,0.52,0.63
47-2073.00,Operating Engineers and Other Construction Equipment Operators,0.0434782608695652,0.0543478260869565,0.0652173913043478,0.0,0.0869565217391304,0.1739130434782608,2,47,37,47,43,28,30,53,43,50,43,25,23.0,3,0.0,47,36,13,9.0,47,36,25,27,0.08,0.73,0.35,0.79
47-2081.00,Drywall and Ceiling Tile Installers,0.0,0.0416666666666666,0.0833333333333333,0.0,0.0208333333333333,0.0416666666666666,2,28,29,50,37,25,27,47,37,44,34,31,30.0,0,0.0,44,39,3,0.0,47,32,28,27,0.25,0.86,0.62,0.74
47-2082.00,Tapers,0.0,0.0,0.0,0.0,0.0,0.0,2,31,29,41,34,28,29,47,37,47,37,16,9.0,0,0.0,31,30,3,0.0,47,30,25,29,0.25,0.68,0.35,0.73
47-2111.00,Electricians,0.0975609756097561,0.1463414634146341,0.1951219512195122,0.048780487804878,0.1463414634146341,0.2439024390243902,3,53,46,60,52,50,50,53,50,60,43,50,46.0,0,0.0,50,46,31,30.0,53,45,47,43,0.21,0.83,0.53,0.76
47-2121.00,Glaziers,0.0,0.0833333333333333,0.1666666666666666,0.0,0.03125,0.0625,2,31,30,50,41,28,27,44,43,44,41,31,34.0,0,0.0,50,41,13,7.0,47,39,28,27,0.1,0.86,0.48,0.75
47-2131.00,"Insulation Workers, Floor, Ceiling, and Wall",0.0,0.05,0.1,0.1,0.1,0.1,2,41,30,50,39,28,29,47,39,50,32,31,27.0,0,0.0,41,32,0,0.0,50,32,28,30,0.17,0.62,0.38,0.62
47-2132.00,"Insulation Workers, Mechanical",0.0,0.0454545454545454,0.0909090909090909,0.0,0.0454545454545454,0.0909090909090909,2,41,39,56,41,31,32,50,43,53,43,25,25.0,0,0.0,47,43,13,9.0,50,39,35,36,0.12,0.65,0.45,0.78
47-2141.00,"Painters, Construction and Maintenance",0.0571428571428571,0.0571428571428571,0.0571428571428571,0.0,0.0285714285714285,0.0571428571428571,2,35,32,50,43,28,20,47,37,50,43,28,27.0,0,0.0,47,39,13,7.0,38,32,28,29,0.27,0.73,0.31,0.53
47-2142.00,Paperhangers,0.0,0.027027027027027,0.054054054054054,0.0,0.0,0.0,2,25,25,47,34,25,25,44,36,50,36,25,20.0,0,0.0,35,34,6,0.0,50,34,25,29,0.16,0.73,0.5,0.77
47-2151.00,Pipelayers,0.0,0.0357142857142857,0.0714285714285714,0.0,0.0,0.0,2,35,30,50,43,28,29,47,39,53,43,28,30.0,0,0.0,47,41,10,7.0,47,43,25,30,0.22,0.9,0.49,0.71
47-2152.00,"Plumbers, Pipefitters, and Steamfitters",0.037037037037037,0.1018518518518518,0.1666666666666666,0.0,0.0555555555555555,0.1111111111111111,3,50,43,59,48,42,39,50,42,55,45,36,38.0,2,0.0,52,44,14,0.0,53,40,38,39,0.17,0.8,0.5,0.78
47-2152.04,Solar Thermal Installers and Technicians,0.0,0.048780487804878,0.0975609756097561,0.048780487804878,0.073170731707317,0.0975609756097561,3,50,45,56,50,38,41,56,46,56,46,38,39.0,16,11.0,60,46,13,,56,45,47,45,0.17,0.8,0.4,0.81
47-2161.00,Plasterers and Stucco Masons,0.0769230769230769,0.0769230769230769,0.0769230769230769,0.0,0.0384615384615384,0.0769230769230769,1,44,30,44,37,41,29,47,37,50,32,25,27.0,0,0.0,44,32,3,0.0,47,30,28,32,0.29,0.79,0.33,0.5
47-2171.00,Reinforcing Iron and Rebar Workers,0.0,0.0714285714285714,0.1428571428571428,0.0,0.0,0.0,2,35,27,50,41,31,29,47,32,41,34,35,32.0,0,0.0,41,30,6,0.0,41,29,22,23,0.22,0.61,0.52,0.62
47-2181.00,Roofers,0.0,0.04,0.08,0.0,0.0,0.0,2,41,34,53,41,28,29,50,39,53,39,31,30.0,0,0.0,44,37,6,0.0,50,36,25,29,0.27,0.82,0.47,0.74
47-2211.00,Sheet Metal Workers,0.0,0.0657894736842105,0.131578947368421,0.0,0.0394736842105263,0.0789473684210526,2,44,34,53,43,31,34,50,43,47,37,50,46.0,6,0.0,50,37,19,11.0,50,41,35,30,0.33,0.84,0.61,0.65
47-2221.00,Structural Iron and Steel Workers,0.0,0.0285714285714285,0.0571428571428571,0.0,0.0,0.0,2,50,43,53,45,47,43,50,43,53,43,28,30.0,0,0.0,44,43,3,0.0,50,34,31,34,0.1,0.78,0.38,0.64
47-2231.00,Solar Photovoltaic Installers,0.0,0.11,0.22,0.0,0.11,0.22,2,50,43,56,50,38,34,53,45,56,39,38,45.0,6,0.0,50,39,19,21.0,50,41,35,37,0.12,0.77,0.44,0.53
47-3011.00,"Helpers--Brickmasons, Blockmasons, Stonemasons, and Tile and Marble Setters",0.0,0.0,0.0,0.0,0.0,0.0,2,35,30,50,34,31,30,50,37,47,32,31,29.0,0,0.0,35,30,6,0.0,44,29,25,25,0.26,0.71,0.54,0.7
47-3012.00,Helpers--Carpenters,0.0,0.0,0.0,0.0,0.0,0.0,2,47,30,50,39,28,29,50,34,50,43,35,32.0,0,0.0,47,32,0,0.0,50,34,31,34,0.23,0.81,0.38,0.75
47-3013.00,Helpers--Electricians,0.024390243902439,0.024390243902439,0.024390243902439,0.0,0.0,0.0,2,38,34,50,39,28,27,44,32,53,41,25,20.0,0,0.0,35,39,16,11.0,50,34,25,29,0.1,0.89,0.6,0.47
47-3014.00,"Helpers--Painters, Paperhangers, Plasterers, and Stucco Masons",0.0,0.0,0.0,0.0,0.0,0.0,1,35,29,44,32,31,30,44,34,47,32,3,0.0,0,0.0,28,25,3,0.0,50,29,25,25,0.13,0.57,0.51,0.6
47-3015.00,"Helpers--Pipelayers, Plumbers, Pipefitters, and Steamfitters",0.0,0.0,0.0,0.0,0.0,0.0,2,41,27,47,34,25,27,47,32,47,34,31,20.0,0,0.0,35,29,3,0.0,38,32,25,21,0.1,0.63,0.45,0.42
47-3016.00,Helpers--Roofers,0.0,0.0,0.0,0.0,0.0,0.0,2,41,30,47,32,31,32,50,36,50,36,31,25.0,10,5.0,35,32,0,0.0,47,29,31,30,0.46,0.74,0.41,0.45
47-4011.00,Construction and Building Inspectors,0.0,0.2413793103448275,0.4827586206896551,0.0,0.1379310344827586,0.2758620689655172,3,53,45,69,55,50,45,50,45,72,55,50,46.0,16,13.0,72,55,41,29.0,72,55,50,43,0.29,0.74,0.48,0.82
47-4011.01,Energy Auditors,0.0,0.4268292682926829,0.8536585365853658,0.1463414634146341,0.4268292682926829,0.7073170731707318,3,53,46,69,54,50,43,56,48,72,54,60,45.0,13,11.0,72,55,50,43.0,69,48,69,54,0.27,0.76,0.48,0.64
47-4021.00,Elevator and Escalator Installers and Repairers,0.1578947368421052,0.1842105263157894,0.2105263157894736,0.0,0.0789473684210526,0.1578947368421052,3,53,43,66,43,31,32,56,45,66,45,22,23.0,16,11.0,53,46,38,37.0,53,41,41,39,0.26,0.92,0.58,0.9
47-4031.00,Fence Erectors,0.0512820512820512,0.0512820512820512,0.0512820512820512,0.0,0.0256410256410256,0.0512820512820512,2,31,27,50,41,31,29,50,41,50,32,31,37.0,0,0.0,38,30,3,0.0,50,30,25,29,0.35,0.77,0.61,0.88
47-4041.00,Hazardous Materials Removal Workers,0.032258064516129,0.0806451612903225,0.1290322580645161,0.0,0.032258064516129,0.064516129032258,3,50,43,63,52,38,32,66,45,56,43,25,30.0,6,0.0,53,43,25,25.0,53,41,50,41,0.28,0.69,0.54,0.54
47-4051.00,Highway Maintenance Workers,0.0,0.0161290322580645,0.032258064516129,0.0,0.0,0.0,2,35,30,47,39,25,25,53,39,50,41,28,27.0,3,0.0,44,39,0,0.0,50,39,28,27,0.32,0.78,0.63,0.59
47-4061.00,Rail-Track Laying and Maintenance Equipment Operators,0.0,0.0,0.0,0.0,0.0,0.0,2,41,34,53,43,38,32,53,41,50,39,31,29.0,0,0.0,35,32,6,0.0,47,32,31,30,0.29,0.73,0.58,0.77
47-4071.00,Septic Tank Servicers and Sewer Pipe Cleaners,0.0625,0.078125,0.09375,0.03125,0.09375,0.15625,1,44,37,53,43,41,34,47,41,50,41,35,34.0,0,0.0,44,41,6,0.0,44,36,38,37,0.14,0.6,0.49,0.69
47-4091.00,Segmental Pavers,0.0,0.0416666666666666,0.0833333333333333,0.0,0.0833333333333333,0.1666666666666666,2,41,36,56,43,35,34,47,41,63,43,25,29.0,0,0.0,44,39,3,0.0,63,39,41,37,0.4,0.69,0.56,0.68
47-4099.03,Weatherization Installers and Technicians,0.15,0.2,0.25,0.05,0.2,0.35,2,47,41,56,46,44,34,60,46,53,43,44,39.0,16,13.0,50,43,25,13.0,53,43,47,43,0.17,0.65,0.52,0.65
47-5011.00,"Derrick Operators, Oil and Gas",0.0,0.0,0.0,0.0,0.0,0.0,1,44,37,63,45,44,41,60,50,56,43,35,36.0,0,0.0,47,41,6,0.0,60,43,44,37,0.17,0.73,0.79,0.73
47-5012.00,"Rotary Drill Operators, Oil and Gas",0.0526315789473684,0.0526315789473684,0.0526315789473684,0.0,0.0263157894736842,0.0526315789473684,2,47,43,66,46,50,45,63,46,60,41,35,27.0,0,0.0,53,43,6,0.0,56,41,50,43,0.21,0.9,0.85,0.74
47-5013.00,"Service Unit Operators, Oil and Gas",0.064516129032258,0.064516129032258,0.064516129032258,0.064516129032258,0.1451612903225806,0.2258064516129032,2,50,43,69,46,47,34,66,48,60,43,44,34.0,19,13.0,50,43,10,5.0,50,43,50,43,0.28,0.84,0.77,0.74
47-5022.00,"Excavating and Loading Machine and Dragline Operators, Surface Mining",0.0,0.0,0.0,0.0,0.0,0.0,2,50,41,50,43,35,32,53,43,50,43,31,32.0,0,0.0,50,43,0,0.0,50,39,38,34,0.18,0.7,0.57,0.73
47-5023.00,"Earth Drillers, Except Oil and Gas",0.0909090909090909,0.1363636363636363,0.1818181818181818,0.0,0.1136363636363636,0.2272727272727273,2,44,32,56,43,31,29,53,45,50,43,31,25.0,0,0.0,44,36,16,11.0,50,41,35,34,0.22,0.66,0.41,0.77
47-5032.00,"Explosives Workers, Ordnance Handling Experts, and Blasters",0.125,0.1354166666666666,0.1458333333333333,0.0208333333333333,0.1145833333333333,0.2083333333333333,2,53,45,66,50,50,41,69,52,72,48,38,41.0,0,0.0,53,52,22,20.0,60,45,47,41,0.3,0.88,0.6,0.65
47-5041.00,Continuous Mining Machine Operators,0.0,0.0,0.0,0.0,0.06,0.12,2,44,36,56,45,35,36,50,43,50,41,25,20.0,0,0.0,44,32,10,0.0,50,32,28,29,0.16,0.78,0.55,0.71
47-5043.00,"Roof Bolters, Mining",0.0,0.0,0.0,0.0,0.0,0.0,2,47,41,60,43,31,36,56,45,53,41,28,25.0,0,0.0,35,32,13,11.0,50,32,28,32,0.16,0.72,0.69,0.46
47-5044.00,"Loading and Moving Machine Operators, Underground Mining",0.0232558139534883,0.0232558139534883,0.0232558139534883,0.0232558139534883,0.0813953488372093,0.1395348837209302,2,25,25,47,39,22,18,44,36,53,39,13,9.0,0,0.0,47,36,3,0.0,41,36,25,25,0.33,0.59,0.35,0.74
47-5051.00,"Rock Splitters, Quarry",0.0,0.0769230769230769,0.1538461538461538,0.0,0.0769230769230769,0.1538461538461538,1,28,30,44,37,25,29,47,36,50,37,22,21.0,0,0.0,44,34,3,0.0,41,37,28,30,0.21,0.69,0.35,0.45
47-5071.00,"Roustabouts, Oil and Gas",0.0,0.0,0.0,0.0,0.0,0.0,1,44,34,53,34,31,29,56,39,47,36,25,25.0,0,0.0,28,27,6,0.0,41,30,22,23,0.33,0.8,0.68,0.68
47-5081.00,Helpers--Extraction Workers,0.0,0.0,0.0,0.0,0.0652173913043478,0.1304347826086956,2,47,37,53,41,41,32,69,45,50,37,38,32.0,0,0.0,44,36,10,7.0,47,34,35,32,0.13,0.74,0.53,0.76
49-1011.00,"First-Line Supervisors of Mechanics, Installers, and Repairers",0.0256410256410256,0.4102564102564102,0.7948717948717948,0.0769230769230769,0.2692307692307692,0.4615384615384615,3,56,54,69,55,53,54,75,57,66,54,47,45.0,22,16.0,66,57,19,20.0,69,55,50,50,0.12,0.86,0.72,0.88
49-2011.00,"Computer, Automated Teller, and Office Machine Repairers",0.2857142857142857,0.3673469387755101,0.4489795918367346,0.0816326530612244,0.2040816326530612,0.3265306122448979,3,50,43,63,45,41,37,50,43,66,43,22,25.0,28,18.0,53,45,22,23.0,56,43,50,43,0.37,0.75,0.66,0.86
49-2021.00,"Radio, Cellular, and Tower Equipment Installers and Repairers",0.0476190476190476,0.1071428571428571,0.1666666666666666,0.0476190476190476,0.0833333333333333,0.119047619047619,3,47,39,56,45,41,34,53,45,60,41,41,43.0,25,18.0,53,48,10,13.0,53,43,47,39,0.19,0.91,0.55,0.87
49-2022.00,"Telecommunications Equipment Installers and Repairers, Except Line Installers",0.234375,0.28125,0.328125,0.109375,0.203125,0.296875,3,53,43,66,54,47,41,60,46,63,48,31,32.0,25,23.0,60,52,25,29.0,56,45,50,45,0.17,0.79,0.72,0.69
49-2091.00,Avionics Technicians,0.12,0.24,0.36,0.08,0.14,0.2,3,50,45,69,54,41,37,53,46,60,46,28,30.0,16,13.0,56,50,47,41.0,60,43,56,45,0.19,0.86,0.47,0.71
49-2092.00,"Electric Motor, Power Tool, and Related Repairers",0.0961538461538461,0.1057692307692307,0.1153846153846153,0.0,0.0192307692307692,0.0384615384615384,3,47,45,69,48,44,39,47,45,53,43,41,39.0,19,13.0,50,43,28,30.0,50,43,47,39,0.13,0.88,0.56,0.73
49-2093.00,"Electrical and Electronics Installers and Repairers, Transportation Equipment",0.16,0.24,0.32,0.08,0.16,0.24,3,31,34,66,43,28,32,53,43,60,43,28,32.0,16,11.0,53,45,28,32.0,50,43,50,43,0.22,0.8,0.53,0.74
49-2094.00,"Electrical and Electronics Repairers, Commercial and Industrial Equipment",0.1794871794871795,0.3076923076923077,0.4358974358974359,0.1794871794871795,0.282051282051282,0.3846153846153846,3,50,43,69,54,47,43,53,45,53,52,44,41.0,28,30.0,53,57,44,39.0,53,45,50,43,0.34,0.85,0.57,0.83
49-2095.00,"Electrical and Electronics Repairers, Powerhouse, Substation, and Relay",0.24,0.34,0.44,0.0,0.16,0.32,3,47,43,69,48,31,32,50,43,53,45,31,34.0,22,16.0,60,50,41,34.0,53,41,47,43,0.34,0.94,0.8,0.67
49-2096.00,"Electronic Equipment Installers and Repairers, Motor Vehicles",0.1666666666666666,0.1666666666666666,0.1666666666666666,0.0,0.125,0.25,3,44,34,63,45,38,32,47,41,60,43,31,32.0,22,16.0,53,45,22,21.0,50,43,47,41,0.15,0.93,0.62,0.73
49-2097.00,Audiovisual Equipment Installers and Repairers,0.1904761904761904,0.238095238095238,0.2857142857142857,0.0,0.0952380952380952,0.1904761904761904,3,60,45,60,52,53,41,47,41,60,45,35,34.0,28,21.0,63,50,31,25.0,53,43,44,36,0.21,0.8,0.38,0.93
49-2098.00,Security and Fire Alarm Systems Installers,0.0666666666666666,0.1666666666666666,0.2666666666666666,0.1,0.1833333333333333,0.2666666666666666,3,47,43,60,50,35,34,50,45,56,45,28,30.0,19,13.0,53,46,19,18.0,60,43,47,41,0.11,0.83,0.51,0.85
49-3011.00,Aircraft Mechanics and Service Technicians,0.0895522388059701,0.1343283582089552,0.1791044776119403,0.0149253731343283,0.0597014925373134,0.1044776119402985,3,50,45,72,57,41,41,60,45,56,48,31,32.0,13,7.0,69,57,38,37.0,60,46,47,43,0.23,0.88,0.67,0.78
49-3021.00,Automotive Body and Related Repairers,0.0,0.0425531914893617,0.0851063829787234,0.0212765957446808,0.0425531914893617,0.0638297872340425,2,47,32,50,43,31,30,50,41,50,43,28,29.0,19,11.0,47,41,6,0.0,50,39,35,30,0.16,0.85,0.47,0.74
49-3022.00,Automotive Glass Installers and Repairers,0.0,0.0,0.0,0.0,0.0,0.0,2,41,34,47,39,35,30,47,37,47,39,25,25.0,3,0.0,38,36,13,7.0,50,37,35,34,0.02,0.78,0.54,0.52
49-3023.00,Automotive Service Technicians and Mechanics,0.0363636363636363,0.0818181818181818,0.1272727272727272,0.0363636363636363,0.0727272727272727,0.109090909090909,3,50,43,64,46,31,35,49,43,56,44,27,27.0,17,12.0,50,40,20,24.0,50,41,45,37,0.19,0.86,0.54,0.74
49-3031.00,Bus and Truck Mechanics and Diesel Engine Specialists,0.0,0.0,0.0,0.0,0.0,0.0,3,44,43,56,46,44,36,50,43,47,43,25,25.0,16,9.0,47,41,22,23.0,53,41,38,36,0.1,0.56,0.36,0.79
49-3041.00,Farm Equipment Mechanics and Service Technicians,0.1153846153846153,0.1153846153846153,0.1153846153846153,0.1538461538461538,0.173076923076923,0.1923076923076923,3,50,43,63,52,41,37,50,41,53,41,44,36.0,19,11.0,53,41,22,23.0,53,43,44,36,0.08,0.88,0.5,0.75
49-3042.00,"Mobile Heavy Equipment Mechanics, Except Engines",0.05,0.1,0.15,0.05,0.125,0.2,3,50,43,56,48,41,39,50,45,50,45,47,37.0,16,9.0,53,48,22,21.0,50,43,50,41,0.12,0.84,0.63,0.69
49-3043.00,Rail Car Repairers,0.064516129032258,0.0967741935483871,0.1290322580645161,0.064516129032258,0.064516129032258,0.064516129032258,2,44,39,56,48,41,32,47,39,50,43,28,30.0,0,0.0,47,39,19,14.0,50,34,47,39,0.11,0.71,0.45,0.68
49-3051.00,Motorboat Mechanics and Service Technicians,0.0769230769230769,0.0769230769230769,0.0769230769230769,0.0,0.0384615384615384,0.0769230769230769,3,35,32,60,45,25,29,47,43,53,43,31,29.0,16,9.0,44,39,25,25.0,50,37,38,36,0.14,0.73,0.35,0.71
49-3052.00,Motorcycle Mechanics,0.0,0.0,0.0,0.0,0.0,0.0,3,53,45,53,45,41,32,53,43,53,43,31,30.0,6,0.0,50,43,22,18.0,53,43,44,41,0.02,0.93,0.7,0.82
49-3053.00,Outdoor Power Equipment and Other Small Engine Mechanics,0.1428571428571428,0.1785714285714285,0.2142857142857142,0.0714285714285714,0.1071428571428571,0.1428571428571428,2,44,39,56,43,38,30,47,39,53,39,25,29.0,10,5.0,47,37,19,16.0,47,36,41,36,0.09,0.69,0.52,0.68
49-3091.00,Bicycle Repairers,0.0,0.1034482758620689,0.2068965517241379,0.0689655172413793,0.0689655172413793,0.0689655172413793,2,47,36,66,45,44,34,47,41,66,43,28,29.0,3,0.0,50,43,6,0.0,60,43,47,36,0.03,0.87,0.31,0.87
49-3092.00,Recreational Vehicle Service Technicians,0.0606060606060606,0.0606060606060606,0.0606060606060606,0.0606060606060606,0.0909090909090909,0.1212121212121212,2,50,45,60,50,35,34,50,43,60,46,25,25.0,13,7.0,50,41,16,13.0,60,45,47,39,0.05,0.78,0.48,0.62
49-3093.00,Tire Repairers and Changers,0.0,0.0,0.0,0.0,0.0,0.0,2,31,29,50,34,28,32,47,32,50,36,25,27.0,0,0.0,38,29,0,0.0,50,32,31,30,0.27,0.88,0.62,0.67
49-9011.00,Mechanical Door Repairers,0.0909090909090909,0.1363636363636363,0.1818181818181818,0.0454545454545454,0.0681818181818181,0.0909090909090909,2,50,32,63,43,41,30,50,43,53,43,38,36.0,0,0.0,53,41,0,0.0,53,43,44,41,0.17,0.73,0.55,0.75
49-9012.00,"Control and Valve Installers and Repairers, Except Mechanical Door",0.0952380952380952,0.1309523809523809,0.1666666666666666,0.0476190476190476,0.0714285714285714,0.0952380952380952,3,47,43,60,45,38,34,53,43,53,41,28,21.0,16,11.0,50,45,19,16.0,53,43,50,41,0.31,0.81,0.57,0.69
49-9021.00,"Heating, Air Conditioning, and Refrigeration Mechanics and Installers",0.0701754385964912,0.1052631578947368,0.1403508771929824,0.0701754385964912,0.1403508771929824,0.2105263157894736,3,52,44,63,50,47,39,53,46,61,45,42,39.0,13,9.0,55,46,25,21.0,53,44,49,43,0.18,0.75,0.5,0.75
49-9031.00,Home Appliance Repairers,0.0727272727272727,0.1454545454545454,0.2181818181818181,0.0727272727272727,0.109090909090909,0.1454545454545454,2,47,32,69,46,28,30,47,41,60,45,28,29.0,16,9.0,53,41,19,18.0,63,43,44,39,0.2,0.81,0.51,0.78
49-9041.00,Industrial Machinery Mechanics,0.1935483870967742,0.2741935483870967,0.3548387096774194,0.064516129032258,0.1451612903225806,0.2258064516129032,3,53,45,66,50,41,41,53,45,53,43,35,36.0,19,21.0,47,43,19,21.0,50,43,44,39,0.3,0.68,0.49,0.63
49-9043.00,"Maintenance Workers, Machinery",0.1142857142857142,0.1428571428571428,0.1714285714285714,0.1142857142857142,0.1142857142857142,0.1142857142857142,3,44,30,50,43,28,27,47,39,50,43,28,23.0,16,11.0,50,41,16,11.0,47,39,28,32,0.4,0.78,0.54,0.68
49-9044.00,Millwrights,0.0,0.0217391304347826,0.0434782608695652,0.0,0.0434782608695652,0.0869565217391304,2,47,45,66,45,50,41,53,45,56,43,41,39.0,16,9.0,50,43,13,9.0,50,43,44,41,0.28,0.94,0.62,0.67
49-9045.00,"Refractory Materials Repairers, Except Brickmasons",0.0,0.0,0.0,0.0,0.0,0.0,2,35,30,47,43,31,30,44,39,50,41,25,25.0,0,0.0,47,37,0,0.0,44,39,38,32,0.18,0.68,0.52,0.47
49-9051.00,Electrical Power-Line Installers and Repairers,0.0,0.0,0.0,0.0,0.0,0.0,2,50,43,53,43,44,39,56,43,60,46,25,27.0,6,0.0,50,43,19,14.0,47,41,38,39,0.12,0.89,0.45,0.74
49-9052.00,Telecommunications Line Installers and Repairers,0.03125,0.03125,0.03125,0.0,0.03125,0.0625,2,44,37,53,45,31,29,50,41,50,43,25,25.0,16,9.0,47,43,19,16.0,53,39,41,41,0.2,0.85,0.64,0.8
49-9061.00,Camera and Photographic Equipment Repairers,0.04,0.24,0.44,0.0,0.04,0.08,3,50,45,63,48,41,32,47,41,53,45,35,36.0,19,18.0,53,50,28,27.0,50,43,41,43,0.05,0.91,0.49,0.85
49-9062.00,Medical Equipment Repairers,0.1515151515151515,0.303030303030303,0.4545454545454546,0.2121212121212121,0.2727272727272727,0.3333333333333333,3,50,46,56,52,47,41,53,46,47,41,44,45.0,16,9.0,56,54,31,32.0,47,41,47,41,0.26,0.8,0.42,0.79
49-9063.00,Musical Instrument Repairers and Tuners,0.0,0.0196078431372549,0.0392156862745098,0.0,0.0,0.0,3,50,43,63,46,47,36,50,43,53,43,25,29.0,6,0.0,50,43,22,18.0,53,43,38,39,0.12,0.94,0.67,0.83
49-9064.00,Watch and Clock Repairers,0.1333333333333333,0.1999999999999999,0.2666666666666666,0.0666666666666666,0.1666666666666666,0.2666666666666666,3,31,32,53,43,25,23,41,32,50,43,25,29.0,0,0.0,47,41,19,18.0,50,39,31,32,0.01,0.97,0.38,0.92
49-9071.00,"Maintenance and Repair Workers, General",0.0392156862745098,0.1372549019607843,0.2352941176470588,0.0,0.0784313725490196,0.1568627450980392,3,53,45,56,45,31,34,53,45,50,43,35,32.0,10,7.0,50,45,22,16.0,50,43,47,41,0.37,0.74,0.52,0.84
49-9081.00,Wind Turbine Service Technicians,0.0,0.0434782608695652,0.0869565217391304,0.0,0.0434782608695652,0.0869565217391304,3,53,45,63,45,50,43,56,45,53,45,28,39.0,16,9.0,56,46,25,29.0,53,43,47,39,0.28,0.82,0.8,0.67
49-9091.00,"Coin, Vending, and Amusement Machine Servicers and Repairers",0.3214285714285714,0.3214285714285714,0.3214285714285714,0.1785714285714285,0.1964285714285714,0.2142857142857142,2,41,30,47,41,22,25,47,43,47,41,25,29.0,10,5.0,47,41,16,9.0,47,37,41,36,0.22,0.76,0.76,0.75
49-9092.00,Commercial Divers,0.0,0.0666666666666666,0.1333333333333333,0.0,0.0888888888888888,0.1777777777777777,3,50,45,72,54,47,43,53,46,69,52,28,30.0,0,0.0,56,50,38,32.0,66,48,50,43,0.14,0.82,0.6,0.76
49-9094.00,Locksmiths and Safe Repairers,0.08,0.08,0.08,0.08,0.08,0.08,2,47,41,53,45,31,32,44,39,53,43,38,30.0,16,11.0,50,43,0,0.0,53,43,41,34,0.18,0.87,0.62,0.74
49-9095.00,Manufactured Building and Mobile Home Installers,0.0769230769230769,0.0769230769230769,0.0769230769230769,0.0769230769230769,0.1153846153846153,0.1538461538461538,2,60,43,69,46,60,45,63,48,60,41,41,41.0,0,0.0,53,45,16,13.0,60,41,41,41,0.01,0.83,0.41,0.81
49-9096.00,Riggers,0.0,0.0,0.0,0.0,0.037037037037037,0.074074074074074,2,41,32,53,43,16,16,53,45,53,43,16,14.0,0,0.0,53,34,10,7.0,50,39,35,34,0.24,0.86,0.64,0.67
49-9097.00,Signal and Track Switch Repairers,0.0769230769230769,0.0769230769230769,0.0769230769230769,0.0,0.0384615384615384,0.0769230769230769,3,47,43,69,48,41,39,47,45,50,43,38,32.0,25,13.0,47,41,19,13.0,47,36,47,43,0.25,0.75,0.52,0.87
49-9098.00,"Helpers--Installation, Maintenance, and Repair Workers",0.0,0.0333333333333333,0.0666666666666666,0.0,0.0,0.0,2,41,36,53,39,38,30,53,37,53,39,25,23.0,10,5.0,41,30,3,0.0,50,34,28,29,0.28,0.72,0.53,0.68
49-9099.01,Geothermal Technicians,0.064516129032258,0.2096774193548387,0.3548387096774194,0.2903225806451612,0.3064516129032258,0.3225806451612903,2,53,43,56,45,28,32,69,52,50,43,44,45.0,22,16.0,56,45,28,29.0,50,43,50,43,0.52,0.66,0.68,0.72
51-1011.00,First-Line Supervisors of Production and Operating Workers,0.15,0.4,0.65,0.0,0.225,0.45,3,53,45,69,54,53,45,69,55,72,57,35,41.0,6,0.0,63,54,13,9.0,72,54,53,52,0.33,0.81,0.59,0.8
51-2011.00,"Aircraft Structure, Surfaces, Rigging, and Systems Assemblers",0.0,0.025,0.05,0.0,0.025,0.05,2,47,43,53,45,41,41,53,45,53,45,38,39.0,13,14.0,50,45,19,21.0,50,43,44,43,0.29,0.86,0.66,0.71
51-2021.00,"Coil Winders, Tapers, and Finishers",0.2222222222222222,0.2222222222222222,0.2222222222222222,0.0,0.1388888888888889,0.2777777777777778,2,31,27,47,41,25,27,53,43,50,41,19,16.0,0,0.0,47,39,0,0.0,47,36,28,29,0.16,0.98,0.66,0.68
51-2022.00,Electrical and Electronic Equipment Assemblers,0.0384615384615384,0.0961538461538461,0.1538461538461538,0.0,0.0576923076923076,0.1153846153846153,2,41,39,50,43,28,29,53,41,50,41,28,29.0,6,0.0,56,45,22,21.0,47,39,47,37,0.19,0.78,0.49,0.67
51-2023.00,Electromechanical Equipment Assemblers,0.0,0.0454545454545454,0.0909090909090909,0.0,0.0,0.0,2,35,30,50,41,22,23,47,39,47,39,25,27.0,13,7.0,50,43,25,29.0,50,37,38,30,0.32,0.79,0.64,0.62
51-2031.00,Engine and Other Machine Assemblers,0.0,0.0952380952380952,0.1904761904761904,0.0,0.0,0.0,2,35,32,50,43,25,29,50,43,50,43,25,29.0,19,11.0,53,45,22,23.0,50,41,31,32,0.22,0.87,0.5,0.65
51-2041.00,Structural Metal Fabricators and Fitters,0.0,0.0227272727272727,0.0454545454545454,0.0,0.0227272727272727,0.0454545454545454,3,31,23,50,32,10,11,44,36,50,43,25,27.0,0,0.0,50,34,13,9.0,50,36,25,29,0.1,0.85,0.55,0.86
51-2051.00,Fiberglass Laminators and Fabricators,0.0,0.0208333333333333,0.0416666666666666,0.0833333333333333,0.0833333333333333,0.0833333333333333,2,47,39,47,41,41,39,53,45,50,41,35,30.0,0,0.0,50,39,19,14.0,50,37,47,36,0.19,0.69,0.65,0.39
51-2061.00,Timing Device Assemblers and Adjusters,0.0,0.06,0.12,0.0,0.0,0.0,2,28,32,47,41,28,29,47,37,47,37,25,23.0,10,7.0,44,37,25,25.0,44,37,38,34,0.23,0.65,0.31,0.77
51-2092.00,Team Assemblers,0.1764705882352941,0.2352941176470588,0.2941176470588235,0.0,0.088235294117647,0.1764705882352941,2,31,30,50,41,35,30,53,43,53,43,25,21.0,16,9.0,50,41,0,0.0,50,43,44,41,0.27,0.92,0.45,0.64
51-3011.00,Bakers,0.1470588235294117,0.2647058823529412,0.3823529411764705,0.088235294117647,0.1176470588235294,0.1470588235294117,2,50,43,50,43,31,29,56,41,50,39,31,30.0,0,0.0,47,39,19,13.0,50,41,31,30,0.38,0.8,0.52,0.81
51-3021.00,Butchers and Meat Cutters,0.0526315789473684,0.131578947368421,0.2105263157894736,0.0,0.0263157894736842,0.0526315789473684,2,38,30,50,43,31,29,50,41,53,43,35,29.0,3,0.0,50,43,6,0.0,50,43,31,39,0.36,0.73,0.5,0.63
51-3022.00,"Meat, Poultry, and Fish Cutters and Trimmers",0.0,0.0,0.0,0.0,0.0,0.0,1,35,32,50,41,31,32,50,37,53,32,31,27.0,0,0.0,35,32,0,0.0,50,37,28,30,0.47,0.88,0.63,0.47
51-3023.00,Slaughterers and Meat Packers,0.0,0.0,0.0,0.0,0.0,0.0,2,25,21,35,27,25,18,31,27,41,32,19,11.0,0,0.0,22,25,0,0.0,44,27,19,14,0.23,0.7,0.52,0.61
51-3091.00,"Food and Tobacco Roasting, Baking, and Drying Machine Operators and Tenders",0.0666666666666666,0.0666666666666666,0.0666666666666666,0.0,0.0666666666666666,0.1333333333333333,2,38,37,53,43,38,36,63,43,53,41,13,11.0,6,0.0,53,41,19,13.0,50,41,47,41,0.56,0.83,0.65,0.54
51-3092.00,Food Batchmakers,0.1025641025641025,0.1153846153846153,0.1282051282051282,0.1282051282051282,0.1538461538461538,0.1794871794871795,2,44,30,53,41,28,29,47,43,50,43,44,34.0,3,0.0,53,43,25,25.0,50,43,47,41,0.44,0.81,0.77,0.44
51-3093.00,Food Cooking Machine Operators and Tenders,0.1290322580645161,0.1290322580645161,0.1290322580645161,0.0,0.032258064516129,0.064516129032258,2,41,34,50,34,28,29,53,41,50,43,25,27.0,6,0.0,53,39,22,20.0,41,34,44,37,0.47,0.67,0.51,0.94
51-4021.00,"Extruding and Drawing Machine Setters, Operators, and Tenders, Metal and Plastic",0.0,0.0208333333333333,0.0416666666666666,0.0416666666666666,0.0833333333333333,0.125,2,41,32,53,39,31,30,53,46,47,37,38,36.0,13,7.0,47,41,22,16.0,50,36,41,29,0.43,0.75,0.62,0.5
51-4022.00,"Forging Machine Setters, Operators, and Tenders, Metal and Plastic",0.0,0.0416666666666666,0.0833333333333333,0.0,0.0416666666666666,0.0833333333333333,2,35,30,47,41,35,32,53,45,53,43,28,30.0,6,0.0,53,41,10,9.0,47,41,44,39,0.49,0.76,0.64,0.63
51-4023.00,"Rolling Machine Setters, Operators, and Tenders, Metal and Plastic",0.1176470588235294,0.1764705882352941,0.2352941176470588,0.0,0.0735294117647058,0.1470588235294117,2,50,43,53,43,47,39,63,43,53,39,35,36.0,16,9.0,50,41,10,5.0,56,39,41,37,0.42,0.85,0.68,0.69
51-4031.00,"Cutting, Punching, and Press Machine Setters, Operators, and Tenders, Metal and Plastic",0.0,0.01,0.02,0.0,0.02,0.04,2,41,32,50,39,25,29,56,43,50,39,35,34.0,3,0.0,47,41,16,13.0,50,39,41,34,0.44,0.85,0.51,0.71
51-4032.00,"Drilling and Boring Machine Tool Setters, Operators, and Tenders, Metal and Plastic",0.0,0.0303030303030303,0.0606060606060606,0.0,0.0,0.0,2,44,34,50,45,28,30,53,45,50,43,28,32.0,6,0.0,50,41,13,9.0,50,43,35,39,0.51,0.93,0.63,0.64
51-4033.00,"Grinding, Lapping, Polishing, and Buffing Machine Tool Setters, Operators, and Tenders, Metal and Plastic",0.032258064516129,0.064516129032258,0.0967741935483871,0.0,0.064516129032258,0.1290322580645161,2,41,32,50,41,31,29,53,43,47,37,44,43.0,19,11.0,53,41,13,7.0,50,36,35,29,0.48,0.91,0.67,0.77
51-4034.00,"Lathe and Turning Machine Tool Setters, Operators, and Tenders, Metal and Plastic",0.1290322580645161,0.1612903225806451,0.1935483870967742,0.0,0.032258064516129,0.064516129032258,2,31,29,47,43,31,25,53,43,50,41,28,32.0,16,9.0,50,43,19,11.0,47,37,31,30,0.58,0.88,0.69,0.7
51-4035.00,"Milling and Planing Machine Setters, Operators, and Tenders, Metal and Plastic",0.2068965517241379,0.2413793103448275,0.2758620689655172,0.0,0.0689655172413793,0.1379310344827586,2,41,36,50,41,31,27,56,43,53,43,47,39.0,19,11.0,50,39,16,9.0,50,37,38,32,0.55,0.9,0.64,0.55
51-4041.00,Machinists,0.1632653061224489,0.2346938775510204,0.3061224489795918,0.0,0.1326530612244897,0.2653061224489795,3,44,41,53,45,28,34,53,45,50,41,47,39.0,19,16.0,47,43,13,11.0,50,43,38,37,0.51,0.9,0.72,0.72
51-4051.00,Metal-Refining Furnace Operators and Tenders,0.0833333333333333,0.1041666666666666,0.125,0.0,0.0416666666666666,0.0833333333333333,2,47,30,50,43,31,29,66,45,50,43,38,37.0,0,0.0,50,41,25,23.0,50,41,44,39,0.48,0.77,0.71,0.63
51-4052.00,"Pourers and Casters, Metal",0.0,0.0,0.0,0.0,0.0,0.0,2,31,30,50,43,31,30,50,43,50,43,22,23.0,6,0.0,44,36,19,16.0,47,37,31,29,0.43,0.7,0.5,0.46
51-4061.00,"Model Makers, Metal and Plastic",0.1290322580645161,0.1612903225806451,0.1935483870967742,0.0,0.0967741935483871,0.1935483870967742,3,47,41,53,43,35,29,56,43,50,41,41,41.0,19,13.0,47,43,19,18.0,50,37,44,37,0.28,1.0,0.67,0.53
51-4062.00,"Patternmakers, Metal and Plastic",0.0869565217391304,0.1521739130434782,0.217391304347826,0.0,0.1304347826086956,0.2608695652173913,3,41,32,50,43,28,29,50,45,50,41,35,34.0,28,18.0,50,43,13,7.0,50,41,31,30,0.28,0.78,0.51,0.71
51-4071.00,Foundry Mold and Coremakers,0.0,0.0,0.0,0.0,0.0,0.0,2,31,25,47,36,25,20,53,37,44,32,22,23.0,0,0.0,28,27,6,0.0,41,27,22,23,0.47,0.73,0.38,0.45
51-4072.00,"Molding, Coremaking, and Casting Machine Setters, Operators, and Tenders, Metal and Plastic",0.0232558139534883,0.0813953488372093,0.1395348837209302,0.0,0.0348837209302325,0.0697674418604651,2,47,32,50,37,31,32,53,43,56,43,31,30.0,10,7.0,53,43,3,0.0,50,34,41,36,0.36,0.79,0.62,0.71
51-4081.00,"Multiple Machine Tool Setters, Operators, and Tenders, Metal and Plastic",0.0769230769230769,0.1025641025641025,0.1282051282051282,0.1025641025641025,0.141025641025641,0.1794871794871795,2,47,41,50,45,35,39,53,43,50,43,31,30.0,22,16.0,50,43,6,0.0,50,41,44,39,0.51,0.92,0.48,0.6
51-4111.00,Tool and Die Makers,0.09375,0.1875,0.28125,0.0,0.109375,0.21875,3,50,45,53,45,28,30,53,43,50,43,44,41.0,16,9.0,47,45,19,18.0,47,39,31,36,0.2,0.95,0.47,0.86
51-4121.00,"Welders, Cutters, Solderers, and Brazers",0.0784313725490196,0.088235294117647,0.0980392156862745,0.0,0.0392156862745098,0.0784313725490196,2,30,31,47,38,25,26,49,40,45,36,30,23.0,5,0.0,42,35,6,0.0,42,31,27,25,0.18,0.83,0.52,0.61
51-4122.00,"Welding, Soldering, and Brazing Machine Setters, Operators, and Tenders",0.0454545454545454,0.0681818181818181,0.0909090909090909,0.0,0.0568181818181818,0.1136363636363636,2,38,29,53,43,31,27,50,45,53,37,31,23.0,3,0.0,44,37,19,11.0,53,41,31,29,0.3,0.76,0.36,0.56
51-4191.00,"Heat Treating Equipment Setters, Operators, and Tenders, Metal and Plastic",0.1764705882352941,0.1764705882352941,0.1764705882352941,0.0,0.0588235294117647,0.1176470588235294,2,44,37,50,43,41,39,53,48,53,41,47,41.0,19,13.0,47,43,25,16.0,53,37,47,37,0.23,0.79,0.79,0.65
51-4192.00,"Layout Workers, Metal and Plastic",0.0,0.1304347826086956,0.2608695652173913,0.0,0.1521739130434782,0.3043478260869565,2,44,37,50,45,28,29,50,43,47,41,53,45.0,3,0.0,50,41,6,0.0,47,36,38,41,0.25,0.92,0.47,0.58
51-4193.00,"Plating Machine Setters, Operators, and Tenders, Metal and Plastic",0.0625,0.1041666666666666,0.1458333333333333,0.0,0.0416666666666666,0.0833333333333333,2,28,30,50,39,31,30,53,43,53,43,25,20.0,0,0.0,53,41,25,27.0,50,39,44,37,0.31,0.81,0.62,0.55
51-4194.00,"Tool Grinders, Filers, and Sharpeners",0.0,0.0333333333333333,0.0666666666666666,0.0,0.0,0.0,2,44,37,56,41,38,34,50,39,44,41,44,41.0,13,7.0,47,43,3,0.0,38,34,38,32,0.29,0.9,0.45,0.69
51-5111.00,Prepress Technicians and Workers,0.0625,0.4375,0.8125,0.03125,0.109375,0.1875,3,47,43,53,43,35,32,53,43,53,43,25,29.0,19,13.0,50,43,16,13.0,53,45,47,41,0.52,0.91,0.68,0.71
51-5112.00,Printing Press Operators,0.175,0.2875,0.4,0.0,0.125,0.25,2,47,41,53,45,28,30,56,46,53,43,28,29.0,13,9.0,53,45,0,0.0,53,43,35,37,0.4,0.93,0.65,0.76
51-5113.00,Print Binding and Finishing Workers,0.0512820512820512,0.0897435897435897,0.1282051282051282,0.0,0.0641025641025641,0.1282051282051282,2,38,34,56,43,38,41,53,43,47,41,28,30.0,16,13.0,53,41,3,0.0,50,39,44,37,0.43,0.83,0.65,0.62
51-6011.00,Laundry and Dry-Cleaning Workers,0.025,0.05,0.075,0.0,0.05,0.1,1,41,30,44,36,31,30,50,32,50,32,16,13.0,0,0.0,44,30,0,0.0,47,34,28,30,0.57,0.73,0.52,0.55
51-6021.00,"Pressers, Textile, Garment, and Related Materials",0.0,0.0104166666666666,0.0208333333333333,0.0,0.0208333333333333,0.0416666666666666,1,28,21,38,32,19,14,35,30,25,29,16,11.0,0,0.0,25,25,0,0.0,28,29,19,21,0.39,0.77,0.46,0.74
51-6031.00,Sewing Machine Operators,0.0465116279069767,0.0813953488372093,0.1162790697674418,0.0,0.0232558139534883,0.0465116279069767,1,28,27,44,30,28,29,53,36,44,30,25,27.0,0,0.0,41,30,0,0.0,28,27,25,29,0.22,0.75,0.4,0.57
51-6041.00,Shoe and Leather Workers and Repairers,0.0,0.0588235294117647,0.1176470588235294,0.0,0.0588235294117647,0.1176470588235294,2,28,25,47,37,3,0,44,36,50,32,16,14.0,0,0.0,38,32,3,0.0,47,30,22,21,0.07,0.85,0.44,0.79
51-6042.00,Shoe Machine Operators and Tenders,0.0869565217391304,0.0869565217391304,0.0869565217391304,0.0,0.0217391304347826,0.0434782608695652,2,25,25,50,34,19,16,47,41,50,39,28,23.0,0,0.0,50,39,3,0.0,47,37,22,25,0.13,0.68,0.77,0.38
51-6051.00,"Sewers, Hand",0.0,0.0416666666666666,0.0833333333333333,0.0,0.0416666666666666,0.0833333333333333,2,38,30,44,34,31,32,41,37,41,34,35,30.0,0,0.0,38,32,0,0.0,41,27,35,32,0.19,0.86,0.54,0.79
51-6052.00,"Tailors, Dressmakers, and Custom Sewers",0.0454545454545454,0.0909090909090909,0.1363636363636363,0.0,0.0681818181818181,0.1363636363636363,2,41,37,50,43,25,25,44,37,50,43,22,23.0,0,0.0,41,37,0,0.0,50,41,38,32,0.28,0.88,0.54,0.73
51-6061.00,Textile Bleaching and Dyeing Machine Operators and Tenders,0.131578947368421,0.1578947368421052,0.1842105263157894,0.0,0.1184210526315789,0.2368421052631578,2,31,29,50,37,25,25,50,39,53,43,38,36.0,0,0.0,44,37,19,14.0,50,37,38,37,0.51,0.69,0.45,0.56
51-6062.00,"Textile Cutting Machine Setters, Operators, and Tenders",0.1071428571428571,0.1607142857142857,0.2142857142857142,0.0,0.1428571428571428,0.2857142857142857,2,38,29,47,39,25,29,53,46,50,36,28,30.0,19,11.0,44,37,0,0.0,50,30,41,32,0.39,0.84,0.57,0.34
51-6063.00,"Textile Knitting and Weaving Machine Setters, Operators, and Tenders",0.125,0.15625,0.1875,0.0,0.125,0.25,2,22,21,47,36,22,23,56,41,47,36,16,13.0,0,0.0,38,32,6,0.0,47,36,28,27,0.4,0.66,0.55,0.44
51-6064.00,"Textile Winding, Twisting, and Drawing Out Machine Setters, Operators, and Tenders",0.0857142857142857,0.0857142857142857,0.0857142857142857,0.0,0.0714285714285714,0.1428571428571428,2,35,30,50,43,35,29,50,43,50,36,25,29.0,0,0.0,38,30,0,0.0,53,34,35,29,0.4,0.72,0.59,0.48
51-6091.00,"Extruding and Forming Machine Setters, Operators, and Tenders, Synthetic and Glass Fibers",0.0689655172413793,0.0689655172413793,0.0689655172413793,0.0,0.0862068965517241,0.1724137931034483,2,44,37,47,43,31,30,63,45,50,43,25,27.0,6,0.0,47,39,6,0.0,50,41,41,37,0.53,0.76,0.58,0.65
51-6092.00,Fabric and Apparel Patternmakers,0.125,0.46875,0.8125,0.0,0.1875,0.375,3,53,43,69,48,50,43,53,46,60,48,53,43.0,25,18.0,53,46,3,0.0,53,43,50,41,0.3,0.93,0.56,0.8
51-6093.00,Upholsterers,0.1176470588235294,0.1911764705882352,0.2647058823529412,0.0294117647058823,0.088235294117647,0.1470588235294117,2,50,41,63,45,44,39,50,43,50,43,38,36.0,0,0.0,53,43,6,0.0,50,41,41,34,0.05,0.83,0.3,0.66
51-7011.00,Cabinetmakers and Bench Carpenters,0.0588235294117647,0.1176470588235294,0.1764705882352941,0.0,0.0441176470588235,0.088235294117647,2,44,39,50,43,31,32,53,45,47,36,47,43.0,16,11.0,47,37,10,5.0,50,36,35,34,0.28,0.78,0.42,0.64
51-7021.00,Furniture Finishers,0.0,0.0285714285714285,0.0571428571428571,0.0,0.0714285714285714,0.1428571428571428,2,44,39,53,45,38,32,53,41,53,43,25,25.0,3,0.0,44,39,3,0.0,50,34,35,32,0.09,0.81,0.27,0.51
51-7031.00,"Model Makers, Wood",0.0769230769230769,0.1538461538461538,0.2307692307692307,0.0,0.1538461538461538,0.3076923076923077,3,50,37,56,45,31,27,60,41,60,43,35,,10,9.0,60,45,16,14.0,53,41,44,39,0.15,0.95,0.33,0.8
51-7032.00,"Patternmakers, Wood",0.2051282051282051,0.2564102564102564,0.3076923076923077,0.1538461538461538,0.282051282051282,0.4102564102564102,3,44,36,50,45,28,29,53,43,50,43,50,43.0,16,9.0,53,43,19,13.0,47,36,41,30,0.3,0.93,0.68,0.79
51-7041.00,"Sawing Machine Setters, Operators, and Tenders, Wood",0.0,0.0588235294117647,0.1176470588235294,0.0,0.0147058823529411,0.0294117647058823,2,28,29,50,39,25,27,50,41,44,36,25,21.0,3,0.0,35,37,6,0.0,41,30,19,20,0.38,0.9,0.46,0.76
51-7042.00,"Woodworking Machine Setters, Operators, and Tenders, Except Sawing",0.0217391304347826,0.0652173913043478,0.108695652173913,0.0,0.0326086956521739,0.0652173913043478,2,38,30,50,41,31,30,53,41,47,39,35,36.0,19,16.0,44,39,13,7.0,50,36,22,25,0.28,0.85,0.67,0.68
51-8011.00,Nuclear Power Reactor Operators,0.1818181818181818,0.3181818181818182,0.4545454545454546,0.0,0.1212121212121212,0.2424242424242424,3,53,45,72,57,50,43,72,57,72,55,44,39.0,25,18.0,75,55,44,43.0,56,46,63,43,0.51,0.98,0.77,0.51
51-8012.00,Power Distributors and Dispatchers,0.0833333333333333,0.375,0.6666666666666666,0.0833333333333333,0.2499999999999999,0.4166666666666666,3,50,43,69,54,44,37,69,46,69,50,44,39.0,19,13.0,66,52,22,21.0,66,46,53,45,0.42,0.88,0.82,0.73
51-8013.00,Power Plant Operators,0.0888888888888888,0.2333333333333333,0.3777777777777777,0.0,0.1111111111111111,0.2222222222222222,2,47,43,72,52,41,34,56,48,60,45,28,27.0,19,11.0,53,46,25,27.0,63,43,50,41,0.53,0.85,0.69,0.66
51-8013.03,Biomass Plant Technicians,0.0588235294117647,0.1323529411764706,0.2058823529411764,0.0,0.088235294117647,0.1764705882352941,2,50,43,53,45,50,43,60,46,50,43,44,39.0,19,11.0,50,43,31,23.0,50,43,50,43,0.57,0.74,0.83,0.78
51-8013.04,Hydroelectric Plant Technicians,0.1,0.1,0.1,0.0,0.075,0.15,3,53,45,66,46,47,37,63,54,56,45,50,48.0,22,21.0,56,52,35,32.0,60,43,50,41,0.39,0.86,0.8,0.68
51-8021.00,Stationary Engineers and Boiler Operators,0.1395348837209302,0.1627906976744186,0.1860465116279069,0.0,0.1046511627906976,0.2093023255813953,3,50,37,60,45,31,30,56,45,56,43,25,21.0,6,0.0,53,43,38,30.0,50,43,50,39,0.57,0.71,0.69,0.74
51-8031.00,Water and Wastewater Treatment Plant and System Operators,0.125,0.125,0.125,0.0,0.125,0.25,3,47,45,56,46,41,39,66,54,60,45,50,43.0,16,9.0,53,46,41,30.0,56,43,47,41,0.5,0.83,0.73,0.91
51-8091.00,Chemical Plant and System Operators,0.0303030303030303,0.1515151515151515,0.2727272727272727,0.0909090909090909,0.1515151515151515,0.2121212121212121,2,56,43,63,54,47,41,66,54,60,54,41,41.0,19,14.0,56,54,47,41.0,53,45,50,43,0.66,0.87,0.76,0.64
51-8092.00,Gas Plant Operators,0.0625,0.09375,0.125,0.0,0.078125,0.15625,3,44,45,63,48,38,36,69,50,56,46,38,39.0,16,13.0,53,48,31,29.0,56,46,56,43,0.55,0.78,0.57,0.82
51-8093.00,"Petroleum Pump System Operators, Refinery Operators, and Gaugers",0.048780487804878,0.1951219512195122,0.3414634146341463,0.024390243902439,0.1707317073170731,0.3170731707317073,2,50,46,60,54,50,43,69,54,50,43,44,48.0,22,18.0,63,50,25,27.0,50,41,60,43,0.61,0.79,0.76,0.81
51-8099.01,Biofuels Processing Technicians,0.0,0.0945945945945946,0.1891891891891892,0.0,0.081081081081081,0.1621621621621621,2,47,39,53,45,38,39,60,46,56,48,47,41.0,16,14.0,63,54,47,36.0,56,50,53,43,0.64,0.85,0.72,0.77
51-9011.00,Chemical Equipment Operators and Tenders,0.0869565217391304,0.1521739130434782,0.217391304347826,0.0434782608695652,0.0652173913043478,0.0869565217391304,2,50,41,60,45,44,36,69,45,60,45,47,41.0,16,9.0,60,48,41,30.0,53,43,50,43,0.47,0.82,0.72,0.71
51-9012.00,"Separating, Filtering, Clarifying, Precipitating, and Still Machine Setters, Operators, and Tenders",0.1142857142857142,0.1428571428571428,0.1714285714285714,0.0,0.0857142857142857,0.1714285714285714,2,47,41,53,43,44,41,53,45,50,43,41,37.0,19,11.0,50,41,38,29.0,47,41,47,41,0.63,0.67,0.5,0.75
51-9021.00,"Crushing, Grinding, and Polishing Machine Setters, Operators, and Tenders",0.1081081081081081,0.1081081081081081,0.1081081081081081,0.0,0.081081081081081,0.1621621621621621,2,47,41,47,43,44,39,60,43,50,43,41,32.0,10,5.0,50,43,28,21.0,50,43,47,41,0.46,0.62,0.51,0.52
51-9022.00,"Grinding and Polishing Workers, Hand",0.0357142857142857,0.0357142857142857,0.0357142857142857,0.0,0.0357142857142857,0.0714285714285714,1,35,32,47,41,28,29,44,41,47,41,25,25.0,6,0.0,47,41,6,0.0,47,34,35,37,0.37,0.76,0.54,0.61
51-9023.00,"Mixing and Blending Machine Setters, Operators, and Tenders",0.1111111111111111,0.1111111111111111,0.1111111111111111,0.0555555555555555,0.0833333333333333,0.1111111111111111,2,50,41,50,41,41,36,56,43,50,41,38,30.0,19,14.0,56,41,31,29.0,50,36,50,39,0.43,0.86,0.72,0.72
51-9031.00,"Cutters and Trimmers, Hand",0.0,0.0,0.0,0.0,0.0,0.0,1,28,29,41,30,25,23,44,37,47,41,25,16.0,0,0.0,44,37,0,0.0,47,30,28,30,0.31,0.89,0.4,0.61
51-9032.00,"Cutting and Slicing Machine Setters, Operators, and Tenders",0.0454545454545454,0.0681818181818181,0.0909090909090909,0.0,0.0568181818181818,0.1136363636363636,2,41,29,50,41,28,27,56,45,47,39,41,30.0,22,14.0,53,41,13,7.0,41,36,35,29,0.48,0.88,0.71,0.65
51-9041.00,"Extruding, Forming, Pressing, and Compacting Machine Setters, Operators, and Tenders",0.075,0.075,0.075,0.025,0.075,0.125,2,41,30,50,39,28,29,60,45,50,39,28,29.0,6,0.0,50,39,19,11.0,53,34,44,34,0.56,0.8,0.67,0.53
51-9051.00,"Furnace, Kiln, Oven, Drier, and Kettle Operators and Tenders",0.16,0.16,0.16,0.0,0.04,0.08,2,35,34,53,43,28,21,53,45,53,45,31,29.0,6,0.0,53,43,22,16.0,53,43,41,37,0.46,0.75,0.59,0.67
51-9061.00,"Inspectors, Testers, Sorters, Samplers, and Weighers",0.2708333333333333,0.4166666666666666,0.5625,0.0416666666666666,0.1770833333333333,0.3125,2,35,34,56,46,25,30,50,45,53,45,41,36.0,13,9.0,53,43,16,14.0,53,43,56,45,0.29,0.89,0.66,0.75
51-9071.00,Jewelers and Precious Stone and Metal Workers,0.0714285714285714,0.1785714285714285,0.2857142857142857,0.0357142857142857,0.125,0.2142857142857142,3,41,38,53,42,33,30,47,37,47,39,39,37.0,2,0.0,42,42,11,11.0,49,37,34,34,0.22,0.88,0.54,0.76
51-9071.06,Gem and Diamond Workers,0.0,0.2321428571428571,0.4642857142857142,0.0,0.1428571428571428,0.2857142857142857,3,38,37,50,45,31,30,50,43,53,43,44,41.0,0,0.0,47,41,10,9.0,53,43,41,41,0.39,0.96,0.88,0.59
51-9081.00,Dental Laboratory Technicians,0.0,0.0416666666666666,0.0833333333333333,0.0,0.0416666666666666,0.0833333333333333,2,50,43,53,45,44,43,50,43,50,43,28,30.0,3,0.0,56,45,28,16.0,50,43,44,41,0.2,0.95,0.64,0.7
51-9082.00,Medical Appliance Technicians,0.0689655172413793,0.1379310344827586,0.2068965517241379,0.0689655172413793,0.1034482758620689,0.1379310344827586,3,50,43,69,50,47,41,56,45,72,52,44,41.0,10,5.0,66,52,22,23.0,66,45,50,43,0.2,0.85,0.55,0.82
51-9083.00,Ophthalmic Laboratory Technicians,0.0,0.09375,0.1875,0.0,0.0625,0.125,2,44,36,50,41,38,34,50,41,47,41,28,32.0,19,11.0,50,41,19,13.0,47,37,44,37,0.55,0.82,0.79,0.83
51-9111.00,Packaging and Filling Machine Operators and Tenders,0.0,0.0,0.0,0.0,0.075,0.15,2,35,30,47,32,28,32,53,41,50,39,28,29.0,3,0.0,47,41,0,0.0,44,32,41,32,0.39,0.85,0.74,0.65
51-9123.00,"Painting, Coating, and Decorating Workers",0.0,0.0,0.0,0.0,0.0294117647058823,0.0588235294117647,1,28,29,44,37,25,29,47,37,47,32,22,16.0,0,0.0,44,32,0,0.0,44,36,31,27,0.3,0.71,0.36,0.73
51-9124.00,"Coating, Painting, and Spraying Machine Setters, Operators, and Tenders",0.0217391304347826,0.0434782608695652,0.0652173913043478,0.0,0.0108695652173913,0.0217391304347826,2,44,30,50,39,41,36,50,43,47,32,25,29.0,10,9.0,47,39,3,0.0,47,30,41,32,0.17,0.72,0.46,0.4
51-9141.00,Semiconductor Processing Technicians,0.1875,0.234375,0.28125,0.03125,0.0625,0.09375,2,38,32,60,41,31,29,56,43,56,41,22,25.0,16,11.0,60,48,22,18.0,47,41,44,37,0.46,0.81,0.7,0.55
51-9151.00,Photographic Process Workers and Processing Machine Operators,0.08,0.38,0.68,0.0,0.17,0.34,2,47,41,53,45,38,41,53,46,60,48,25,32.0,35,23.0,56,46,16,14.0,56,43,44,41,0.56,0.68,0.56,0.68
51-9161.00,Computer Numerically Controlled Tool Operators,0.22,0.25,0.28,0.0,0.18,0.36,3,50,45,66,57,44,43,69,55,53,46,47,41.0,44,37.0,56,52,25,21.0,50,43,44,41,0.58,0.91,0.71,0.72
51-9162.00,Computer Numerically Controlled Tool Programmers,0.7142857142857142,0.8035714285714285,0.8928571428571428,0.0,0.3571428571428571,0.7142857142857142,3,56,52,56,50,47,39,63,52,53,43,56,50.0,78,59.0,56,50,22,25.0,50,43,56,43,0.39,0.94,0.61,0.73
51-9191.00,Adhesive Bonding Machine Operators and Tenders,0.064516129032258,0.064516129032258,0.064516129032258,0.0,0.0,0.0,2,41,34,47,39,31,30,53,45,53,39,38,34.0,16,9.0,50,36,13,7.0,53,37,44,32,0.46,0.72,0.66,0.58
51-9192.00,"Cleaning, Washing, and Metal Pickling Equipment Operators and Tenders",0.1052631578947368,0.1052631578947368,0.1052631578947368,0.0,0.0526315789473684,0.1052631578947368,2,28,30,47,30,31,30,47,43,47,34,25,16.0,3,0.0,44,32,13,9.0,47,32,31,34,0.36,0.55,0.52,0.6
51-9193.00,Cooling and Freezing Equipment Operators and Tenders,0.08,0.08,0.08,0.0,0.04,0.08,2,50,45,66,46,38,34,63,48,50,43,35,34.0,19,11.0,50,43,19,13.0,53,41,47,41,0.5,0.77,0.69,0.74
51-9194.00,Etchers and Engravers,0.0,0.1363636363636363,0.2727272727272727,0.0,0.0303030303030303,0.0606060606060606,2,35,32,50,45,31,29,53,41,50,43,25,25.0,16,9.0,53,41,3,0.0,50,37,31,32,0.32,0.86,0.59,0.8
51-9195.00,"Molders, Shapers, and Casters, Except Metal and Plastic",0.0,0.0,0.0,0.0,0.0172413793103448,0.0344827586206896,2,47,36,50,41,38,34,50,41,50,41,35,34.0,0,0.0,53,43,3,0.0,47,37,38,30,0.43,0.78,0.62,0.49
51-9195.03,"Stone Cutters and Carvers, Manufacturing",0.0,0.0869565217391304,0.1739130434782608,0.0,0.0434782608695652,0.0869565217391304,2,38,29,50,41,31,32,47,37,50,39,31,23.0,13,7.0,47,41,10,5.0,47,34,31,32,0.33,0.85,0.58,0.73
51-9195.04,"Glass Blowers, Molders, Benders, and Finishers",0.0909090909090909,0.1136363636363636,0.1363636363636363,0.0,0.1136363636363636,0.2272727272727273,2,47,41,50,43,41,34,56,43,50,43,41,30.0,10,5.0,50,43,19,18.0,44,39,41,37,0.36,0.84,0.5,0.71
51-9195.05,"Potters, Manufacturing",0.0,0.0833333333333333,0.1666666666666666,0.0,0.0119047619047619,0.0238095238095238,3,25,30,50,45,19,20,50,43,50,41,28,25.0,3,0.0,44,41,13,9.0,47,41,35,37,0.2,0.71,0.72,0.85
51-9196.00,"Paper Goods Machine Setters, Operators, and Tenders",0.0,0.0,0.0,0.0,0.0263157894736842,0.0526315789473684,2,47,32,50,41,25,30,50,43,50,39,28,29.0,0,0.0,44,32,0,0.0,50,39,31,30,0.34,0.78,0.61,0.54
51-9197.00,Tire Builders,0.0,0.0192307692307692,0.0384615384615384,0.0,0.0,0.0,2,25,25,50,36,25,27,50,41,50,37,22,16.0,6,0.0,31,30,0,0.0,41,32,25,25,0.27,0.63,0.69,0.36
51-9198.00,Helpers--Production Workers,0.0444444444444444,0.0888888888888888,0.1333333333333333,0.0,0.0555555555555555,0.1111111111111111,2,25,27,44,32,25,27,47,34,47,29,25,25.0,6,0.0,41,32,6,0.0,44,30,22,23,0.41,0.72,0.55,0.6
53-1041.00,Aircraft Cargo Handling Supervisors,0.1,0.3,0.5,0.0,0.0,0.0,2,50,41,69,50,63,52,66,55,66,43,50,41.0,16,9.0,56,43,13,7.0,66,45,53,46,0.39,0.89,0.72,0.87
53-1042.00,"First-Line Supervisors of Helpers, Laborers, and Material Movers, Hand",0.0666666666666666,0.2222222222222222,0.3777777777777777,0.2,0.3555555555555555,0.5111111111111112,2,47,41,69,54,50,48,60,50,72,55,28,34.0,10,5.0,53,54,6,0.0,69,54,50,48,0.45,0.9,0.82,0.88
53-1042.01,Recycling Coordinators,0.1379310344827586,0.3793103448275862,0.6206896551724138,0.3103448275862069,0.4655172413793103,0.6206896551724138,2,53,45,66,50,50,43,63,50,66,45,38,39.0,10,7.0,63,50,6,0.0,72,48,53,45,0.31,0.71,0.56,0.93
53-1043.00,First-Line Supervisors of Material-Moving Machine and Vehicle Operators,0.1538461538461538,0.3717948717948718,0.5897435897435898,0.1538461538461538,0.3076923076923077,0.4615384615384615,2,53,45,72,50,50,43,69,50,75,52,38,29.0,10,5.0,69,54,6,0.0,72,54,56,48,0.29,0.83,0.76,0.77
53-2011.00,"Airline Pilots, Copilots, and Flight Engineers",0.0909090909090909,0.3522727272727273,0.6136363636363636,0.0,0.2272727272727273,0.4545454545454546,4,69,59,78,59,50,45,78,61,78,61,53,50.0,13,7.0,72,59,44,39.0,69,54,53,46,0.65,0.96,0.74,0.66
53-2012.00,Commercial Pilots,0.1136363636363636,0.2386363636363636,0.3636363636363636,0.0,0.2159090909090909,0.4318181818181818,3,66,57,75,57,56,48,75,57,72,55,44,37.0,16,11.0,66,57,47,43.0,66,52,47,45,0.32,0.9,0.69,0.85
53-2021.00,Air Traffic Controllers,0.0909090909090909,0.3409090909090909,0.5909090909090909,0.0,0.3068181818181818,0.6136363636363636,3,69,54,78,59,53,48,75,61,85,57,47,43.0,19,11.0,69,57,19,21.0,81,55,53,45,0.65,0.96,0.92,0.73
53-2022.00,Airfield Operations Specialists,0.0975609756097561,0.3658536585365853,0.6341463414634146,0.0,0.3292682926829268,0.6585365853658537,3,56,46,69,55,50,45,75,59,75,57,28,30.0,10,5.0,69,57,16,11.0,69,55,60,46,0.4,0.92,0.86,0.91
53-2031.00,Flight Attendants,0.1458333333333333,0.1666666666666666,0.1875,0.0416666666666666,0.1458333333333333,0.25,2,53,43,53,52,44,32,72,48,72,46,25,27.0,10,5.0,53,50,10,7.0,78,54,50,41,0.33,0.79,0.7,0.73
53-3011.00,"Ambulance Drivers and Attendants, Except Emergency Medical Technicians",0.0909090909090909,0.0909090909090909,0.0909090909090909,0.0,0.0454545454545454,0.0909090909090909,2,53,43,63,43,35,30,50,41,60,45,25,23.0,3,0.0,53,45,16,9.0,53,43,47,41,0.31,0.85,0.72,0.78
53-3031.00,Driver/Sales Workers,0.1666666666666666,0.3333333333333333,0.5,0.0,0.1388888888888889,0.2777777777777778,2,44,30,53,48,25,27,47,37,69,43,41,27.0,0,0.0,50,43,0,0.0,66,41,44,43,0.28,0.8,0.85,0.75
53-3032.00,Heavy and Tractor-Trailer Truck Drivers,0.1923076923076923,0.2788461538461538,0.3653846153846154,0.0384615384615384,0.173076923076923,0.3076923076923077,2,44,32,50,43,38,30,50,43,47,43,25,30.0,3,0.0,50,43,0,0.0,50,43,44,36,0.22,0.74,0.49,0.69
53-3033.00,Light Truck Drivers,0.2307692307692307,0.3653846153846154,0.5,0.0,0.25,0.5,2,28,30,47,41,22,25,50,36,53,41,38,30.0,0,0.0,50,39,3,0.0,53,39,47,36,0.24,0.71,0.32,0.61
53-3052.00,"Bus Drivers, Transit and Intercity",0.2222222222222222,0.2407407407407407,0.2592592592592592,0.0,0.1666666666666666,0.3333333333333333,2,41,29,53,39,28,25,50,36,53,39,25,25.0,0,0.0,44,34,0,0.0,50,32,38,30,0.32,0.71,0.52,0.45
53-4011.00,Locomotive Engineers,0.2142857142857142,0.2857142857142857,0.3571428571428571,0.0714285714285714,0.2321428571428571,0.3928571428571428,2,53,43,66,45,47,43,66,54,69,46,38,37.0,0,0.0,60,50,10,5.0,66,43,50,41,0.19,0.87,0.65,0.72
53-4013.00,"Rail Yard Engineers, Dinkey Operators, and Hostlers",0.2045454545454545,0.2045454545454545,0.2045454545454545,0.0,0.0568181818181818,0.1136363636363636,2,50,39,56,43,44,36,66,45,60,43,35,29.0,6,0.0,53,45,13,7.0,63,45,47,36,0.22,0.64,0.57,0.58
53-4022.00,"Railroad Brake, Signal, and Switch Operators and Locomotive Firers",0.0833333333333333,0.1666666666666666,0.2499999999999999,0.0,0.0416666666666666,0.0833333333333333,2,38,35,55,39,38,36,61,44,58,38,31,25.0,0,0.0,50,40,5,0.0,50,35,42,37,0.2,0.76,0.67,0.64
53-4031.00,Railroad Conductors and Yardmasters,0.0833333333333333,0.2777777777777778,0.4722222222222222,0.0,0.2083333333333333,0.4166666666666666,2,50,43,66,52,44,39,69,57,63,45,31,37.0,13,7.0,53,46,13,7.0,69,45,50,41,0.3,0.77,0.67,0.59
53-4041.00,Subway and Streetcar Operators,0.4090909090909091,0.4090909090909091,0.4090909090909091,0.0,0.2045454545454545,0.4090909090909091,2,50,43,50,46,41,37,56,45,66,43,35,29.0,0,0.0,53,45,0,0.0,60,39,44,36,0.27,0.86,0.75,0.38
53-5011.00,Sailors and Marine Oilers,0.0212765957446808,0.0425531914893617,0.0638297872340425,0.0,0.0106382978723404,0.0212765957446808,2,47,41,53,43,38,37,56,45,53,43,38,30.0,0,0.0,47,45,22,14.0,50,43,44,41,0.13,0.83,0.61,0.67
53-5021.00,"Captains, Mates, and Pilots of Water Vessels",0.1999999999999999,0.2636363636363636,0.3272727272727272,0.0727272727272727,0.209090909090909,0.3454545454545454,3,57,47,71,52,45,42,68,52,71,51,42,38.0,14,0.0,57,52,23,21.0,69,49,49,45,0.18,0.82,0.65,0.83
53-5022.00,Motorboat Operators,0.0,0.0,0.0,0.0,0.1290322580645161,0.2580645161290322,2,50,39,56,48,38,39,56,48,60,39,35,29.0,0,0.0,41,39,19,20.0,63,41,38,37,0.22,0.46,0.51,0.77
53-5031.00,Ship Engineers,0.125,0.171875,0.21875,0.0,0.140625,0.28125,3,50,45,72,54,41,37,66,52,63,50,28,34.0,19,11.0,56,48,38,36.0,63,45,53,41,0.3,0.71,0.66,0.89
53-6011.00,Bridge and Lock Tenders,0.2857142857142857,0.2857142857142857,0.2857142857142857,0.0,0.1607142857142857,0.3214285714285714,2,35,30,50,43,38,30,56,43,50,39,25,27.0,3,0.0,47,34,3,0.0,50,41,47,41,0.47,0.74,0.63,0.71
53-6021.00,Parking Attendants,0.0357142857142857,0.1071428571428571,0.1785714285714285,0.0357142857142857,0.125,0.2142857142857142,2,31,25,47,39,28,29,44,34,56,39,44,32.0,0,0.0,38,27,0,0.0,63,34,44,29,0.4,0.74,0.54,0.6
53-6031.00,Automotive and Watercraft Service Attendants,0.1304347826086956,0.1304347826086956,0.1304347826086956,0.0,0.0652173913043478,0.1304347826086956,2,38,29,50,41,31,29,44,34,53,39,35,27.0,3,0.0,44,36,10,5.0,53,36,41,34,0.17,0.87,0.42,0.69
53-6041.00,Traffic Technicians,0.1111111111111111,0.4629629629629629,0.8148148148148148,0.037037037037037,0.3888888888888888,0.7407407407407407,3,50,45,56,50,41,41,53,45,66,52,47,45.0,25,18.0,56,57,44,41.0,56,48,53,46,0.39,0.85,0.71,0.66
53-6051.00,Transportation Inspectors,0.2727272727272727,0.4393939393939394,0.6060606060606061,0.0606060606060606,0.3181818181818182,0.5757575757575758,4,41,41,60,46,35,36,60,46,60,46,41,34.0,10,5.0,66,52,25,29.0,66,48,60,48,0.29,0.91,0.61,0.88
53-6051.01,Aviation Inspectors,0.08,0.34,0.6,0.12,0.26,0.4,3,53,46,75,57,47,43,60,48,72,48,31,34.0,10,7.0,72,48,47,50.0,72,57,66,46,0.39,0.87,0.84,0.85
53-6051.07,"Transportation Vehicle, Equipment and Systems Inspectors, Except Aviation",0.2083333333333333,0.4583333333333333,0.7083333333333333,0.0,0.125,0.25,2,44,29,50,41,25,27,47,41,53,41,25,25.0,0,0.0,50,45,35,34.0,50,41,41,39,0.19,0.83,0.57,0.75
53-6061.00,Passenger Attendants,0.1666666666666666,0.2222222222222222,0.2777777777777778,0.0,0.1388888888888889,0.2777777777777778,2,41,36,47,46,16,21,56,46,69,46,28,20.0,10,5.0,50,41,0,0.0,69,41,38,34,0.27,0.61,0.36,0.38
53-7011.00,Conveyor Operators and Tenders,0.0689655172413793,0.1034482758620689,0.1379310344827586,0.0,0.1379310344827586,0.2758620689655172,1,44,37,50,41,28,29,60,45,53,43,25,27.0,6,0.0,47,41,19,21.0,50,41,44,39,0.41,0.86,0.5,0.76
53-7021.00,Crane and Tower Operators,0.1052631578947368,0.1842105263157894,0.2631578947368421,0.0,0.0263157894736842,0.0526315789473684,3,47,34,56,43,31,32,53,43,53,43,41,30.0,0,0.0,50,43,3,0.0,50,41,41,34,0.28,0.89,0.49,0.74
53-7031.00,Dredge Operators,0.0,0.0,0.0,0.0,0.0,0.0,2,38,30,50,39,35,36,47,41,47,34,25,27.0,0,0.0,38,34,6,0.0,47,32,28,29,0.5,0.52,0.35,0.61
53-7041.00,Hoist and Winch Operators,0.0,0.0,0.0,0.0,0.0952380952380952,0.1904761904761904,2,47,30,69,37,38,36,66,37,60,34,41,27.0,0,0.0,44,34,6,0.0,53,32,31,32,0.4,0.95,0.59,0.89
53-7051.00,Industrial Truck and Tractor Operators,0.0,0.03125,0.0625,0.0,0.03125,0.0625,2,28,27,44,32,28,25,44,37,47,36,28,27.0,6,0.0,47,36,6,0.0,44,29,38,30,0.25,0.91,0.49,0.76
53-7061.00,Cleaners of Vehicles and Equipment,0.0555555555555555,0.0833333333333333,0.1111111111111111,0.0,0.0,0.0,2,25,27,31,34,16,11,41,34,35,30,6,0.0,0,0.0,28,29,3,0.0,41,30,10,7,0.3,0.69,0.47,0.62
53-7062.00,"Laborers and Freight, Stock, and Material Movers, Hand",0.04,0.04,0.04,0.0,0.06,0.12,2,28,29,47,34,25,25,41,32,44,34,25,27.0,0,0.0,44,34,0,0.0,44,30,35,29,0.27,0.79,0.6,0.66
53-7062.04,Recycling and Reclamation Workers,0.0434782608695652,0.0434782608695652,0.0434782608695652,0.0,0.0217391304347826,0.0434782608695652,2,38,32,44,39,25,29,53,39,53,41,22,21.0,0,0.0,41,41,3,0.0,44,34,35,36,0.27,0.53,0.41,0.65
53-7063.00,Machine Feeders and Offbearers,0.0909090909090909,0.0909090909090909,0.0909090909090909,0.0,0.0909090909090909,0.1818181818181818,2,25,29,38,37,25,25,50,41,44,37,28,23.0,0,0.0,44,41,6,0.0,44,37,35,29,0.47,0.75,0.55,0.53
53-7064.00,"Packers and Packagers, Hand",0.1,0.1,0.1,0.0,0.1,0.2,2,28,14,44,29,25,16,50,30,44,29,25,18.0,10,5.0,41,29,0,0.0,41,29,25,27,0.28,0.83,0.72,0.59
53-7065.00,Stockers and Order Fillers,0.109090909090909,0.1818181818181818,0.2545454545454545,0.109090909090909,0.1909090909090909,0.2727272727272727,2,34,30,47,37,22,18,42,33,50,38,33,24.0,7,0.0,43,36,1,0.0,52,37,35,31,0.35,0.81,0.69,0.64
53-7071.00,Gas Compressor and Gas Pumping Station Operators,0.2307692307692307,0.2692307692307693,0.3076923076923077,0.0,0.0769230769230769,0.1538461538461538,2,47,34,66,43,31,34,53,43,53,43,31,30.0,10,7.0,53,45,22,18.0,50,43,50,41,0.44,0.79,0.69,0.83
53-7072.00,"Pump Operators, Except Wellhead Pumpers",0.1666666666666666,0.2499999999999999,0.3333333333333333,0.0,0.1666666666666666,0.3333333333333333,2,47,41,53,45,28,32,63,48,53,43,35,37.0,19,11.0,53,43,25,20.0,53,41,47,39,0.28,0.71,0.75,0.77
53-7073.00,Wellhead Pumpers,0.0,0.0,0.0,0.0,0.0,0.0,2,35,30,53,43,22,20,53,46,47,39,31,23.0,6,0.0,44,41,3,0.0,50,43,41,30,0.25,0.69,0.64,0.9
53-7081.00,Refuse and Recyclable Material Collectors,0.1785714285714285,0.1964285714285714,0.2142857142857142,0.1071428571428571,0.2321428571428571,0.3571428571428571,2,38,29,50,43,13,13,44,32,47,37,10,7.0,0,0.0,47,34,0,0.0,50,32,44,34,0.52,0.85,0.72,0.83
53-7121.00,"Tank Car, Truck, and Ship Loaders",0.0714285714285714,0.0714285714285714,0.0714285714285714,0.0,0.125,0.25,2,44,39,50,41,38,34,50,45,50,43,38,30.0,10,5.0,56,45,13,11.0,50,41,50,39,0.22,0.87,0.86,0.72
